CSE,1,CS1101,English for Communication,0,CS1101S1,CS1101S2,CS1101S3,3,NULL,0
CSE,1,CS1102,Essentials of Computer Science,0,CS1102S1,CS1102S2,CS1102S3,3,NULL,0
CSE,1,CS1103,Linear Algebra and Calculus,0,CS1103S1,CS1103S2,CS1103S3,4,NULL,1
CSE,1,CS1104,Introduction to Computer Programming,0,CS1104S1,CS1104S2,CS1104S3,1,NULL,1
CSE,1,CS1105,Python Programming,0,CS1105S1,CS1105S2,CS1105S3,4,NULL,0
CSE,1,CS1106,Professional Ethics,1,CS1106S1,CS1106S2,NULL,2,NULL,0
CSE,1,CS1107,Environmental Science,1,CS1107S1,CS1107S2,NULL,1,NULL,0
CSE,1,CS1108,Introduction to Computer Hardware,1,CS1108S1,CS1108S2,NULL,1,NULL,0
CSE,1,CS1109,Cyber Security,0,CS1109S1,CS1109S2,CS1109S3,2,NULL,0
CSE,1,CS1110,Computational Intelligence ,0,CS1110S1,CS1110S2,CS1110S3,3,NULL,0
CSE,2,CS2101,Discrete Structures,0,CS2101S1,CS2101S2,CS2101S3,3,CS1103,0
CSE,2,CS2102,Complex Analysis and Differential Equations,0,CS2102S1,CS2102S2,CS2102S3,4,NULL,0
CSE,2,CS2103,Programming in C,0,CS2103S1,CS2103S2,CS2103S3,2,CS1105|CS1110,0
CSE,2,CS2104,Engineering Graphics,0,CS2104S1,CS2104S2,CS2104S3,3,NULL,0
CSE,2,CS2105,Programming in C(lab),0,CS2105S1,CS2105S2,CS2105S3,1,NULL,0
CSE,2,CS2106,Human Relations at Workplace,1,CS2106S1,CS2106S2,NULL,3,NULL,0
CSE,2,CS2107,Industrial Economics,1,CS2107S1,CS2107S2,NULL,1,NULL,0
CSE,2,CS2108,Computer Graphics,1,CS2108S1,CS2108S2,NULL,4,NULL,0
CSE,2,CS2109,Data Mining ,0,CS2109S1,CS2109S2,CS2109S3,2,NULL,0
CSE,2,CS2110,Computational Theory,0,CS2110S1,CS2110S2,CS2110S3,3,CS1109,0
CSE,3,CS3101,Probability and Operations Research,0,CS3101S1,CS3101S2,CS3101S3,4,NULL,1
CSE,3,CS3102,Principles of Programming Languages,0,CS3102S1,CS3102S2,CS3102S3,3,CS2103,0
CSE,3,CS3103,Digital Systems Design,0,CS3103S1,CS3103S2,CS3103S3,2,NULL,1
CSE,3,CS3104,Data Structures and Algorithms,0,CS3104S1,CS3104S2,CS3104S3,4,CS2102|CS2105,0
CSE,3,CS3105,Computer Organization,0,CS3105S1,CS3105S2,CS3105S3,3,NULL,0
CSE,3,CS3106,Film Appreciation,1,CS3106S1,CS3106S2,NULL,2,NULL,0
CSE,3,CS3107,Philosophy,1,CS3107S1,CS3107S2,NULL,2,NULL,0
CSE,3,CS3108,E-Commerce,1,CS3108S1,CS3108S2,NULL,1,NULL,0
CSE ,3,CS3109,Verilog/VHDL lab,0,CS3109S1,CS3109S2,CS3109S3,2,NULL,0
CSE,3,CS3110,Programming in C++,0,CS3110S1,CS3110S2,CS3110S3,3,CS2103,0
CSE,4,CS4101,Formal Languages and Automata Theory,0,CS4101S1,CS4101S2,CS4101S3,2,NULL,1
CSE,4,CS4102,Design and Analysis of Algorithms,0,CS4102S1,CS4102S2,CS4102S3,3,NULL,0
CSE,4,CS4103,Operating Systems,0,CS4103S1,CS4103S2,CS4103S3,3,NULL,0
CSE,4,CS4104,Algorithms Laboratory,0,CS4104S1,CS4104S2,CS4104S3,2,NULL,0
CSE,4,CS4105,Operating Systems Lab,0,CS4105S1,CS4105S2,CS4105S3,2,NULL,0
CSE,4,CS4106,Application of Psychology,1,CS4106S1,CS4106S2,NULL,3,NULL,0
CSE,4,CS4107,Basics of Journalism,1,CS4107S1,CS4107S2,NULL,1,NULL,0
CSE,4,CS4108,Using Tools Effectively - Figma,1,CS4108S1,CS4108S2,NULL,2,NULL,0
CSE,4,CS4109,OOPS in Java,0,CS4109S1,CS4109S2,CS4109S3,4,NULL,0
CSE,4,CS4110,OR lab (UNIX),0,CS4110S1,CS4110S2,CS4110S3,3,NULL,0
CSE,5,CS5101,Computer Architecture,0,CS5101S1,CS5101S2,CS5101S3,3,CS4102|CS4104,0
CSE,5,CS5102,Database Management Systems,0,CS5102S1,CS5102S2,CS5102S3,4,NULL,1
CSE,5,CS5103,Computer Networks,0,CS5103S1,CS5103S2,CS5103S3,2,NULL,0
CSE,5,CS5104,Introduction to Artificial Intelligence and Machine Learning,0,CS5104S1,CS5104S2,CS5104S3,3,NULL,1
CSE,5,CS5105,Networks Laboratory,0,CS5105S1,CS5105S2,CS5105S3,1,CS4105,0
CSE,5,CS5106,Industrial Lecture,1,CS5106S1,CS5106S2,NULL,3,NULL,0
CSE,5,CS5107,Industrial Economics and Foreign Trades,1,CS5107S1,CS5107S2,NULL,1,NULL,0
CSE,5,CS5108,Basics of Flutter,1,CS5108S1,CS5108S2,NULL,4,NULL,0
CSE,5,CS5109,Programming in C#,0,CS5109S1,CS5109S2,CS5109S3,2,NULL,0
CSE,5,CS5110,Object Oriented Analysis,0,CS5110S1,CS5110S2,CS5110S3,1,CS4109,0
CSE,6,CS6101, Compiler Design,0,CS6101S1,CS6101S2,CS6101S3,3,NULL,0
CSE,6,CS6102,Embedded Systems Architectures,0,CS6102S1,CS6102S2,CS6102S3,4,NULL,0
CSE,6,CS6103,Principles of Cryptography,0,CS6103S1,CS6103S2,CS6103S3,2,NULL,0
CSE,6,CS6104,Embedded Systems Laboratory,0,CS6104S1,CS6104S2,CS6104S3,1,NULL,0
CSE,6,CS6105,App Development Laboratory,0,CS6105S1,CS6105S2,CS6105S3,2,NULL,0
CSE,6,CS6106,Professional Ethics,1,CS6106S1,CS6106S2,NULL,2,NULL,0
CSE,6,CS6107,Computational Thinking ,1,CS6107S1,CS6107S2,NULL,3,NULL,0
CSE,6,CS6108,Foundations of Spark,1,CS6108S1,CS6108S2,NULL,1,NULL,0
CSE,6,CS6109,Programming in Javascript,0,CS6109S1,CS6109S2,CS6109S3,4,NULL,0
CSE,6,CS6110,Advanced Computer Architecture,0,CS6110S1,CS6110S2,CS6110S3,2,NULL,0
CSE,7,CS7101,Blockchain Technology,0,CS7101S1,CS7101S2,CS7101S3,3,CS6109,0
CSE,7,CS7102,Internet of Things ,0,CS7102S1,CS7102S2,CS7102S3,3,NULL,0
CSE,7,CS7103,Data Science Techniques,0,CS7103S1,CS7103S2,CS7103S3,4,NULL,1
CSE,7,CS7104,Generative AI ,0,CS7104S1,CS7104S2,CS7104S3,2,NULL,1
CSE,7,CS7105,Microprocessor lab,0,CS7105S1,CS7105S2,CS7105S3,1,CS6104|CS6106,0
CSE,7,CS7106,Digital Marketing,1,CS7106S1,CS7106S2,NULL,1,NULL,0
CSE,7,CS7107,Foreign Language,1,CS7107S1,CS7107S2,NULL,2,NULL,0
CSE,7,CS7108,Working with Hadoop,1,CS7108S1,CS7108S2,NULL,2,NULL,0
CSE,7,CS7109,Web development,0,CS7109S1,CS7109S2,CS7109S3,3,NULL,0
CSE,7,CS7110,Advanced DBMS,0,CS7110S1,CS7110S2,CS7110S3,4,CS6105,0
CSE,8,CS8101,Software Development,0,CS8101S1,CS8101S2,CS8101S3,4,NULL,0
CSE,8,CS8102,Foundations of Robotics,0,CS8102S1,CS8102S2,CS8102S3,2,NULL,0
CSE,8,CS8103,Complex Neural Networks,0,CS8103S1,CS8103S2,CS8103S3,3,NULL,0
CSE,8,CS8104,Full Stack Development,0,CS8104S1,CS8104S2,CS8104S3,4,NULL,0
CSE,8,CS8105,Big Data Analytics,0,CS8105S1,CS8105S2,CS8105S3,2,NULL,0
CSE,8,CS8106,Financial Management,1,CS8106S1,CS8106S2,NULL,1,NULL,0
CSE,8,CS8107,Business Tactics,1,CS8107S1,CS8107S2,NULL,1,NULL,0
CSE,8,CS8108,Digital Electronics,1,CS8108S1,CS8108S2,NULL,3,NULL,0
CSE,8,CS8109,Digital Image Processing,0,CS8109S1,CS8109S2,CS8109S3,2,NULL,0
CSE,8,CS8110,Advanced High Level Programming,0,CS8110S1,CS8110S2,CS8110S3,3,NULL,0
ECE,1,EC1101,Circuit Analysis,0,EC1101S1,EC1101S2,EC1101S3,3,NULL,1
ECE,1,EC1102,Electronics and Communication Fundamentals,0,EC1102S1,EC1102S2,EC1102S3,4,NULL,1
ECE,1,EC1103,Mathematics for Electronics and Communication,0,EC1103S1,EC1103S2,EC1103S3,4,NULL,0
ECE,1,EC1104,Introduction to Programming,0,EC1104S1,EC1104S2,EC1104S3,3,NULL,0
ECE,1,EC1105,Electronics Laboratory,0,EC1105S1,EC1105S2,EC1105S3,2,NULL,0
ECE,1,EC1106,Technical Communication,1,EC1106S1,EC1106S2,NULL,2,NULL,0
ECE,1,EC1107,Environmental Science and Engineering,1,EC1107S1,EC1107S2,NULL,1,NULL,0
ECE,1,EC1108,Electronics Workshop,0,EC1108S1,EC1108S2,EC1108S3,2,NULL,0
ECE,1,EC1109,Electronics and Communication Engineering Drawing,0,EC1109S1,EC1109S2,EC1109S3,2,NULL,0
ECE,1,EC1110,Human Values and Professional Ethics,1,EC1110S1,EC1110S2,NULL,1,NULL,0
ECE,2,EC2101,Electromagnetic Theory,0,EC2101S1,EC2101S2,EC2101S3,4,NULL,0
ECE,2,EC2102,Electronic Circuits,0,EC2102S1,EC2102S2,EC2102S3,4,NULL,0
ECE,2,EC2103,Probability and Statistics,0,EC2103S1,EC2103S2,EC2103S3,3,NULL,0
ECE,2,EC2104,Acoustics,0,EC2104S1,EC2104S2,EC2104S3,4,NULL,0
ECE,2,EC2105,Microprocessor and Interfacing,0,EC2105S1,EC2105S2,EC2105S3,3,NULL,0
ECE,2,EC2106,Communication Skills,1,EC2106S1,EC2106S2,NULL,2,NULL,0
ECE,2,EC2107,Energy and Environment,1,EC2107S1,EC2107S2,NULL,1,NULL,0
ECE,2,EC2108,Analog Electronics Laboratory,0,EC2108S1,EC2108S2,EC2108S3,2,NULL,0
ECE,2,EC2109,Digital Electronics Laboratory,0,EC2109S1,EC2109S2,EC2109S3,2,NULL,0
ECE,2,EC2110,Industrial Economics,1,EC2110S1,EC2110S2,NULL,1,NULL,0
ECE,3,EC3101,Control Systems -I ,0,EC3101S1,EC3101S2,EC3101S3,4,EC2105|EC2108,0
ECE,3,EC3102,Antennas and Wave Propagation,0,EC3102S1,EC3102S2,EC3102S3,3,NULL,1
ECE,3,EC3103,Signals and Systems,0,EC3103S1,EC3103S2,EC3103S3,3,NULL,0
ECE,3,EC3104,Software Modelling,0,EC3104S1,EC3104S2,EC3104S3,4,NULL,1
ECE,3,EC3105,Communication Systems,0,EC3105S1,EC3105S2,EC3105S3,4,EC2110,0
ECE,3,EC3106,Legal Aspects of Electronics,1,EC3106S1,EC3106S2,NULL,2,NULL,0
ECE,3,EC3107,Advanced Environmental Science and Engineering,1,EC3107S1,EC3107S2,NULL,2,NULL,0
ECE,3,EC3108,Instrumentation Laboratory,0,EC3108S1,EC3108S2,EC3108S3,2,NULL,0
ECE,3,EC3109,Telecommunication Laboratory,0,EC3109S1,EC3109S2,EC3109S3,2,NULL,0
ECE,3,EC3110,Marketing,1,EC3110S1,EC3110S2,NULL,1,EC2103,0
ECE,4,EC4101,Digital Signal Processing,0,EC4101S1,EC4101S2,EC4101S3,3,NULL,0
ECE,4,EC4102,Control Systems - II,0,EC4202S1,EC4202S2,EC4202S3,4,NULL,0
ECE,4,EC4103,Embedded Systems,0,EC4303S1,EC4303S2,EC4303S3,3,NULL,0
ECE,4,EC4104,Data Communication and Electronics,0,EC4404S1,EC4404S2,EC4404S3,4,NULL,0
ECE,4,EC4105,Microprocessors and Microcontrollers,0,EC4505S1,EC4505S2,EC4505S3,3,NULL,0
ECE,4,EC4106,Principles of VLSI Design,0,EC4606S1,EC4606S2,EC4606S3,4,NULL,0
ECE,4,EC4107,Power Electronics,0,EC4707S1,EC4707S2,EC4707S3,3,NULL,0
ECE,4,EC4108,Renewable Resources,1,EC4808S1,EC4808S2,NULL,4,NULL,0
ECE,4,EC4109,Electron Revolutionary,1,EC4909S1,EC4909S2,NULL,3,NULL,0
ECE,4,EC4110,Foundations of Electrical Appliances,1,EC4010S1,EC4010S2,NULL,5,NULL,0
ECE,5,EC5101,Analog and Digital Communication Systems,0,EC5101S1,EC5101S2,EC5101S3,4,EC4102|EC4104,0
ECE,5,EC5102,Signal Integrity and Power Integrity,0,EC5102S1,EC5102S2,EC5102S3,2,NULL,1
ECE,5,EC5103,Peizoelectrics,0,EC5103S1,EC5103S2,EC5103S3,1,NULL,0
ECE,5,EC5104,Optics,0,EC5104S1,EC5104S2,EC5104S3,4,EC4105,0
ECE,5,EC5105,Photonics and Photons,0,EC5105S1,EC5105S2,EC5105S3,3,NULL,1
ECE,5,EC5106,Electroscopics,0,EC5106S1,EC5106S2,EC5106S3,3,NULL,0
ECE,5,EC5107,Basics of Magento and Electro,0,EC5107S1,EC5107S2,EC5107S3,2,EC4103,0
ECE,5,EC5108,Neutron Revolution,1,EC5108S1,EC5108S2,NULL,4,NULL,0
ECE,5,EC5109,Foundations of Archimedes Theory,1,EC5109S1,EC5109S2,NULL,1,NULL,0
ECE,5,EC5110,Energy conservation,1,EC5110S1,EC5110S2,NULL,2,NULL,0
ECE,6,EC6101,Electrical Machine Design - I,0,EC6101S1,EC6101S2,EC6101S3,1,NULL,0
ECE,6,EC6102,Rayleigh Scatter and Dispersion,0,EC6102S1,EC6102S2,EC6102S3,2,NULL,0
ECE,6,EC6103,Tyndall and Brownian Movement,0,EC6103S1,EC6103S2,EC6103S3,4,NULL,0
ECE,6,EC6104,Modeling and Simulation of Dynamic Systems,0,EC6104S1,EC6104S2,EC6104S3,2,NULL,0
ECE,6,EC6105,Dielectric Engineering,0,EC6105S1,EC6105S2,EC6105S3,3,NULL,0
ECE,6,EC6106,Material Technology,0,EC6106S1,EC6106S2,EC6106S3,4,NULL,0
ECE,6,EC6107,Transducer Technology,0,EC6107S1,EC6107S2,EC6107S3,1,NULL,0
ECE,6,EC6108,Non Renewable Resources,1,EC6108S1,EC6108S2,NULL,2,NULL,0
ECE,6,EC6109,Space Exploration,1,EC6109S1,EC6109S2,NULL,3,NULL,0
ECE,6,EC6110,Gravity and its effects,1,EC6110S1,EC6110S2,NULL,2,NULL,0
ECE,7,EC7101,Grid System - I,0,EC7101S1,EC7101S2,EC7101S3,4,EC6104|EC6102,0
ECE,7,EC7102,Digital Control Theory,0,EC7102S1,EC7102S2,EC7102S3,3,NULL,0
ECE,7,EC7103,Electrical Machine Design - II,0,EC7103S1,EC7103S2,EC7103S3,2,NULL,0
ECE,7,EC7104,Power Station Practice,0,EC7104S1,EC7104S2,EC7104S3,3,NULL,1
ECE,7,EC7105,Power Electronics Applications in EHT Transmission,0,EC7105S1,EC7105S2,EC7105S3,4,EC6101,0
ECE,7,EC7106,Mechatronics,0,EC7106S1,EC7106S2,EC7106S3,2,NULL,0
ECE,7,EC7107,Advance Electrical Machines,1,EC7107S1,EC7107S2,NULL,1,NULL,1
ECE,7,EC7108,Non- Conventional Energy Sources,1,EC7108S1,EC7108S2,NULL,2,NULL,0
ECE,7,EC7109,Utilization of Electrical Energy,1,EC7109S1,EC7109S2,NULL,1,NULL,0
ECE,7,EC7110,Thermodynamics,0,EC7110S1,EC7110S2,EC7110S3,1,EC6105,0
ECE,8,EC8101,Grid System - II,0,EC8101S1,EC8101S2,EC8101S3,1,NULL,0
ECE,8,EC8102,Instrumentation & Process Control,0,EC8102S1,EC8102S2,EC8102S3,2,NULL,0
ECE,8,EC8103,Solid State devices & Circuits,0,EC8103S1,EC8103S2,EC8103S3,3,NULL,0
ECE,8,EC8104,Advanced Power System Principles,0,EC8104S1,EC8104S2,EC8104S3,2,NULL,0
ECE,8,EC8105,Advanced Digital Signal Processing,0,EC8105S1,EC8105S2,EC8105S3,3,NULL,0
ECE,8,EC8106,Laplace Transforms,0,EC8106S1,EC8106S2,EC8106S3,4,NULL,0
ECE,8,EC8107,Computer-based numerical and statistical Techniques,1,EC8107S1,EC8107S2,NULL,3,NULL,0
ECE,8,EC8108,Modern Control System,1,EC8108S1,EC8108S2,NULL,4,NULL,0
ECE,8,EC8109,Elements of Economics & Principle of Management Science,1,EC8109S1,EC8109S2,NULL,2,NULL,0
ECE,8,EC8110,Active Circuits & Systems,0,EC8110S1,EC8110S2,EC8110S3,1,NULL,0
IT,1,IT1101,Introduction to Information Technology,0,IT1101S1,IT1101S2,IT1101S3,1,NULL,1
IT,1,IT1102,Programming Fundamentals,0,IT1102S1,IT1102S2,IT1102S3,2,NULL,0
IT,1,IT1103,Data Structures and Algorithms,0,IT1103S1,IT1103S2,IT1103S3,4,NULL,1
IT,1,IT1104,Database Management Systems,0,IT1104S1,IT1104S2,IT1104S3,2,NULL,0
IT,1,IT1105,Computer Networks,0,IT1105S1,IT1105S2,IT1105S3,3,NULL,0
IT,1,IT1106,Operating Systems,0,IT1106S1,IT1106S2,IT1106S3,2,NULL,0
IT,1,IT1107,Software Engineering,0,IT1107S1,IT1107S2,IT1107S3,2,NULL,0
IT,1,IT1108,Web Development,1,IT1108S1,IT1108S2,NULL,3,NULL,0
IT,1,IT1109,Mobile Application Development,1,IT1109S1,IT1109S2,NULL,4,NULL,0
IT,1,IT1110,Cybersecurity,1,IT1110S1,IT1110S2,NULL,3,NULL,0
IT,2,IT2101,Cloud Computing,0,IT2101S1,IT2101S2,IT2101S3,3,NULL,0
IT,2,IT2102,Data Mining,0,IT2102S1,IT2102S2,IT2102S3,2,NULL,0
IT,2,IT2103,Big Data Analytics,0,IT2103S1,IT2103S2,IT2103S3,4,NULL,0
IT,2,IT2104,Artificial Intelligence,0,IT2104S1,IT2104S2,IT2104S3,1,NULL,0
IT,2,IT2105,Machine Learning,0,IT2105S1,IT2105S2,IT2105S3,2,NULL,0
IT,2,IT2106,Internet of Things (IoT),0,IT2106S1,IT2106S2,IT2106S3,2,NULL,0
IT,2,IT2107,Network Security,0,IT2107S1,IT2107S2,IT2107S3,1,NULL,0
IT,2,IT2108,Digital Forensics,1,IT2108S1,IT2108S2,NULL,2,NULL,0
IT,2,IT2109,Information Systems Management,1,IT2109S1,IT2109S2,NULL,3,NULL,0
IT,2,IT2110,Human-Computer Interaction,1,IT2110S1,IT2110S2,NULL,2,NULL,0
IT,3,IT3101,Software Project Management,0,IT3101S1,IT3101S2,IT3101S3,3,IT2105,0
IT,3,IT3102,Data Science,0,IT3102S1,IT3102S2,IT3102S3,3,NULL,1
IT,3,IT3103,Blockchain Technology,0,IT3103S1,IT3103S2,IT3103S3,2,NULL,0
IT,3,IT3104,DevOps,0,IT3104S1,IT3104S2,IT3104S3,4,IT2107,0
IT,3,IT3105,Virtualization Technologies,0,IT3105S1,IT3105S2,IT3105S3,4,NULL,1
IT,3,IT3106,Information Theory,0,IT3106S1,IT3106S2,IT3106S3,3,NULL,0
IT,3,IT3107,Distributed Systems,0,IT3107S1,IT3107S2,IT3107S3,4,IT2104,0
IT,3,IT3108,Computer Graphics,1,IT3108S1,IT3108S2,NULL,1,NULL,0
IT,3,IT3109,Multimedia Systems,1,IT3109S1,IT3109S2,NULL,2,NULL,0
IT,3,IT3110,E-commerce Technologies,1,IT3110S1,IT3110S2,NULL,2,NULL,0
IT,4,IT4101,Embedded Systems,0,IT4101S1,IT4101S2,IT4101S3,2,NULL,0
IT,4,IT4102,Information Retrieval,0,IT4102S1,IT4102S2,IT4102S3,4,NULL,0
IT,4,IT4103,Web Technologies,0,IT4103S1,IT4103S2,IT4103S3,1,NULL,0
IT,4,IT4104,IT Infrastructure Management,0,IT4104S1,IT4104S2,IT4104S3,2,NULL,0
IT,4,IT4105,Cyber Law and Ethics,0,IT4105S1,IT4105S2,IT4105S3,4,NULL,0
IT,4,IT4106,Business Intelligence,0,IT4106S1,IT4106S2,IT4106S3,1,NULL,0
IT,4,IT4107,Agile Software Development,0,IT4107S1,IT4107S2,IT4107S3,3,NULL,0
IT,4,IT4108,Computational Intelligence,1,IT4108S1,IT4108S2,NULL,4,NULL,0
IT,4,IT4109,Social Network Analysis,1,IT4109S1,IT4109S2,NULL,2,NULL,0
IT,4,IT4110,IT Strategy and Management,1,IT4110S1,IT4110S2,NULL,3,NULL,0
IT,5,IT5101,Data Warehousing,0,IT5101S1,IT5101S2,IT5101S3,4,IT4107,0
IT,5,IT5102,Advanced Database Systems,0,IT5102S1,IT5102S2,IT5102S3,2,NULL,1
IT,5,IT5103,Object-Oriented Programming,0,IT5103S1,IT5103S2,IT5103S3,3,NULL,0
IT,5,IT5104,Real-Time Systems,0,IT5104S1,IT5104S2,IT5104S3,1,IT4103|IT4101,0
IT,5,IT5105,Advanced Computer Networks,0,IT5105S1,IT5105S2,IT5105S3,2,NULL,1
IT,5,IT5106,Semantic Web,0,IT5106S1,IT5106S2,IT5106S3,1,NULL,0
IT,5,IT5107,Enterprise Resource Planning,0,IT5107S1,IT5107S2,IT5107S3,3,IT4105,0
IT,5,IT5108,IT Governance,1,IT5108S1,IT5108S2,NULL,3,NULL,0
IT,5,IT5109,Software Testing and Quality Assurance,1,IT5109S1,IT5109S2,NULL,3,NULL,0
IT,5,IT5110,Digital Transformation,1,IT5110S1,IT5110S2,NULL,3,NULL,0
IT,6,IT6101,Network Administration,0,IT6101S1,IT6101S2,IT6101S3,4,NULL,0
IT,6,IT6102,Information Storage Management,0,IT6102S1,IT6102S2,IT6102S3,3,NULL,0
IT,6,IT6103,Natural Language Processing,0,IT6103S1,IT6103S2,IT6103S3,1,NULL,0
IT,6,IT6104,Virtual Reality and Augmented Reality,0,IT6104S1,IT6104S2,IT6104S3,2,NULL,0
IT,6,IT6105,Digital Marketing,0,IT6105S1,IT6105S2,IT6105S3,3,NULL,0
IT,6,IT6106,IT Service Management,0,IT6106S1,IT6106S2,IT6106S3,1,NULL,0
IT,6,IT6107,Information Architecture,0,IT6107S1,IT6107S2,IT6107S3,1,NULL,0
IT,6,IT6108,Software Design Patterns,1,IT6108S1,IT6108S2,NULL,4,NULL,0
IT,6,IT6109,Computational Thinking,1,IT6109S1,IT6109S2,NULL,3,NULL,0
IT,6,IT6110,Wireless Networks,1,IT6110S1,IT6110S2,NULL,1,NULL,0
IT,7,IT7101,Information Visualization,0,IT7101S1,IT7101S2,IT7101S3,2,IT6104,0
IT,7,IT7102,Health Informatics,0,IT7102S1,IT7102S2,IT7102S3,4,NULL,1
IT,7,IT7103,Applied Cryptography,0,IT7103S1,IT7103S2,IT7103S3,2,IT6106,0
IT,7,IT7104,IT Risk Management,0,IT7104S1,IT7104S2,IT7104S3,3,NULL,1
IT,7,IT7105,Game Development,0,IT7105S1,IT7105S2,IT7105S3,1,NULL,0
IT,7,IT7106,IT Entrepreneurship,0,IT7106S1,IT7106S2,IT7106S3,1,NULL,0
IT,7,IT7107,Information Assurance,0,IT7107S1,IT7107S2,IT7107S3,4,IT6103,0
IT,7,IT7108,Data Privacy,1,IT7108S1,IT7108S2,NULL,4,NULL,0
IT,7,IT7109,Ubiquitous Computing,1,IT7109S1,IT7109S2,NULL,4,NULL,0
IT,7,IT7110,Systems Analysis and Design,1,IT7110S1,IT7110S2,NULL,4,NULL,0
IT,8,IT8101,IT Consultancy,0,IT8101S1,IT8101S2,IT8101S3,3,NULL,0
IT,8,IT8102,User Experience Design,0,IT8102S1,IT8102S2,IT8102S3,4,NULL,0
IT,8,IT8103,Computer Vision,0,IT8103S1,IT8103S2,IT8103S3,4,NULL,0
IT,8,IT8104,High-Performance Computing,0,IT8104S1,IT8104S2,IT8104S3,1,NULL,0
IT,8,IT8105,IT Procurement,0,IT8105S1,IT8105S2,IT8105S3,2,NULL,0
IT,8,IT8106,Digital Asset Management,0,IT8106S1,IT8106S2,IT8106S3,1,NULL,0
IT,8,IT8107,IT Policy and Management,0,IT8107S1,IT8107S2,IT8107S3,1,NULL,0
IT,8,IT8108,IT Innovation and Entrepreneurship,1,IT8108S1,IT8108S2,NULL,1,NULL,0
IT,8,IT8109,Quantum Computing,1,IT8109S1,IT8109S2,NULL,1,NULL,0
IT,8,IT8110,Advanced Web Programming,1,IT8110S1,IT8110S2,NULL,3,NULL,0
EEE,1,EE1101,Circuit Theory,0,EE1101S1,EE1101S2,EE1101S3,4,NULL,1
EEE,1,EE1102,Digital Electronics,0,EE1102S1,EE1102S2,EE1102S3,4,NULL,1
EEE,1,EE1103,Analog Electronics,0,EE1103S1,EE1103S2,EE1103S3,1,NULL,0
EEE,1,EE1104,Microprocessor Systems,0,EE1104S1,EE1104S2,EE1104S3,3,NULL,0
EEE,1,EE1105,Electromagnetic Fields,0,EE1105S1,EE1105S2,EE1105S3,2,NULL,0
EEE,1,EE1106,Electrical Machines,0,EE1106S1,EE1106S2,EE1106S3,1,NULL,0
EEE,1,EE1107,Power Electronics,0,EE1107S1,EE1107S2,EE1107S3,4,NULL,0
EEE,1,EE1108,Control Systems,1,EE1108S1,EE1108S2,NULL,2,NULL,0
EEE,1,EE1109,Signals and Systems,1,EE1109S1,EE1109S2,NULL,3,NULL,0
EEE,1,EE1110,Communication Systems,1,EE1110S1,EE1110S2,NULL,2,NULL,0
EEE,2,EE2101,Power System Analysis,0,EE2101S1,EE2101S2,EE2101S3,1,NULL,0
EEE,2,EE2102,Renewable Energy Systems,0,EE2102S1,EE2102S2,EE2102S3,4,NULL,0
EEE,2,EE2103,Electrical Measurements,0,EE2103S1,EE2103S2,EE2103S3,2,NULL,0
EEE,2,EE2104,Instrumentation Engineering,0,EE2104S1,EE2104S2,EE2104S3,1,NULL,0
EEE,2,EE2105,Digital Signal Processing,0,EE2105S1,EE2105S2,EE2105S3,1,NULL,0
EEE,2,EE2106,VLSI Design,0,EE2106S1,EE2106S2,EE2106S3,4,NULL,0
EEE,2,EE2107,Embedded Systems,0,EE2107S1,EE2107S2,EE2107S3,3,NULL,0
EEE,2,EE2108,High Voltage Engineering,1,EE2108S1,EE2108S2,NULL,4,NULL,0
EEE,2,EE2109,Power System Protection,1,EE2109S1,EE2109S2,NULL,2,NULL,0
EEE,2,EE2110,Electric Drives,1,EE2110S1,EE2110S2,NULL,4,NULL,0
EEE,3,EE3101,Industrial Automation,0,EE3101S1,EE3101S2,EE3101S3,1,EE2104,0
EEE,3,EE3102,Wireless Communication,0,EE3102S1,EE3102S2,EE3102S3,3,EE2101,0
EEE,3,EE3103,Antennas and Propagation,0,EE3103S1,EE3103S2,EE3103S3,4,NULL,1
EEE,3,EE3104,Computer Networks,0,EE3104S1,EE3104S2,EE3104S3,3,NULL,0
EEE,3,EE3105,Smart Grid Technologies,0,EE3105S1,EE3105S2,EE3105S3,4,NULL,0
EEE,3,EE3106,Digital Communication,0,EE3106S1,EE3106S2,EE3106S3,4,NULL,1
EEE,3,EE3107,Optical Fiber Communication,0,EE3107S1,EE3107S2,EE3107S3,2,EE2107|EE2101,0
EEE,3,EE3108,Microwave Engineering,1,EE3108S1,EE3108S2,NULL,4,NULL,0
EEE,3,EE3109,Biomedical Instrumentation,1,EE3109S1,EE3109S2,NULL,3,NULL,0
EEE,3,EE3110,Nanotechnology in Electronics,1,EE3110S1,EE3110S2,NULL,1,NULL,0
EEE,4,EE4101,Robotics and Control,0,EE4101S1,EE4101S2,EE4101S3,2,NULL,0
EEE,4,EE4102,Electric Vehicle Technology,0,EE4102S1,EE4102S2,EE4102S3,3,NULL,0
EEE,4,EE4103,Power Quality and Harmonics,0,EE4103S1,EE4103S2,EE4103S3,3,NULL,0
EEE,4,EE4104,Energy Storage Systems,0,EE4104S1,EE4104S2,EE4104S3,1,NULL,0
EEE,4,EE4105,Advanced Control Systems,0,EE4105S1,EE4105S2,EE4105S3,3,NULL,0
EEE,4,EE4106,Renewable Energy Integration,0,EE4106S1,EE4106S2,EE4106S3,1,NULL,0
EEE,4,EE4107,Advanced Digital System Design,0,EE4107S1,EE4107S2,EE4107S3,4,NULL,0
EEE,4,EE4108,PLC and SCADA Systems,1,EE4108S1,EE4108S2,NULL,2,NULL,0
EEE,4,EE4109,Distributed Generation,1,EE4109S1,EE4109S2,NULL,1,NULL,0
EEE,4,EE4110,Energy Management Systems,1,EE4110S1,EE4110S2,NULL,1,NULL,0
EEE,5,EE5101,Photonics,0,EE5101S1,EE5101S2,EE5101S3,2,EE4107,0
EEE,5,EE5102,Digital Image Processing,0,EE5102S1,EE5102S2,EE5102S3,2,NULL,1
EEE,5,EE5103,Artificial Intelligence in Electrical Engineering,0,EE5103S1,EE5103S2,EE5103S3,1,NULL,1
EEE,5,EE5104,Mechatronics,0,EE5104S1,EE5104S2,EE5104S3,1,NULL,0
EEE,5,EE5105,Electrical Power Transmission,0,EE5105S1,EE5105S2,EE5105S3,2,NULL,0
EEE,5,EE5106,Electric Power Distribution,0,EE5106S1,EE5106S2,EE5106S3,2,EE4103|EE4101,0
EEE,5,EE5107,Sustainable Energy Systems,0,EE5107S1,EE5107S2,EE5107S3,2,EE4105,0
EEE,5,EE5108,Advanced Microprocessors,1,EE5108S1,EE5108S2,NULL,1,NULL,0
EEE,5,EE5109,Solid State Devices,1,EE5109S1,EE5109S2,NULL,3,NULL,0
EEE,5,EE5110,Integrated Circuits,1,EE5110S1,EE5110S2,NULL,2,NULL,0
EEE,6,EE6101,Electronic Materials and Devices,0,EE6101S1,EE6101S2,EE6101S3,2,NULL,0
EEE,6,EE6102,Semiconductor Devices,0,EE6102S1,EE6102S2,EE6102S3,1,NULL,0
EEE,6,EE6103,Microelectronics,0,EE6103S1,EE6103S2,EE6103S3,1,NULL,0
EEE,6,EE6104,Analog Integrated Circuits,0,EE6104S1,EE6104S2,EE6104S3,4,NULL,0
EEE,6,EE6105,Power Semiconductor Devices,0,EE6105S1,EE6105S2,EE6105S3,2,NULL,0
EEE,6,EE6106,Sensor Technology,0,EE6106S1,EE6106S2,EE6106S3,4,NULL,0
EEE,6,EE6107,Circuit Simulation and Design,0,EE6107S1,EE6107S2,EE6107S3,4,NULL,0
EEE,6,EE6108,Electrical Engineering Materials,1,EE6108S1,EE6108S2,NULL,2,NULL,0
EEE,6,EE6109,Embedded Software,1,EE6109S1,EE6109S2,NULL,3,NULL,0
EEE,6,EE6110,Power System Operation and Control,1,EE6110S1,EE6110S2,NULL,3,NULL,0
EEE,7,EE7101,Real-Time Systems,0,EE7101S1,EE7101S2,EE7101S3,2,EE6104|EE6103,0
EEE,7,EE7102,Digital Control Systems,0,EE7102S1,EE7102S2,EE7102S3,2,NULL,1
EEE,7,EE7103,Electromagnetic Compatibility,0,EE7103S1,EE7103S2,EE7103S3,3,NULL,1
EEE,7,EE7104,Power System Dynamics,0,EE7104S1,EE7104S2,EE7104S3,3,EE6102,0
EEE,7,EE7105,Advanced Electric Drives,0,EE7105S1,EE7105S2,EE7105S3,4,NULL,0
EEE,7,EE7106,Industrial Power Electronics,0,EE7106S1,EE7106S2,EE7106S3,4,NULL,0
EEE,7,EE7107,Electronic Circuit Design,0,EE7107S1,EE7107S2,EE7107S3,4,EE6107,0
EEE,7,EE7108,Transducers and Sensors,1,EE7108S1,EE7108S2,NULL,3,NULL,0
EEE,7,EE7109,Power System Stability,1,EE7109S1,EE7109S2,NULL,2,NULL,0
EEE,7,EE7110,Advanced Electromagnetics,1,EE7110S1,EE7110S2,NULL,2,NULL,0
EEE,8,EE8101,Energy Efficient Systems,0,EE8101S1,EE8101S2,EE8101S3,1,NULL,0
EEE,8,EE8102,Quantum Electronics,0,EE8102S1,EE8102S2,EE8102S3,2,NULL,0
EEE,8,EE8103,Signal Processing for Communications,0,EE8103S1,EE8103S2,EE8103S3,1,NULL,0
EEE,8,EE8104,Network Analysis,0,EE8104S1,EE8104S2,EE8104S3,2,NULL,0
EEE,8,EE8105,Computational Electromagnetics,0,EE8105S1,EE8105S2,EE8105S3,3,NULL,0
EEE,8,EE8106,Adaptive Control Systems,0,EE8106S1,EE8106S2,EE8106S3,2,NULL,0
EEE,8,EE8107,Electric Power Systems,0,EE8107S1,EE8107S2,EE8107S3,1,NULL,0
EEE,8,EE8108,Digital Logic Design,1,EE8108S1,EE8108S2,NULL,2,NULL,0
EEE,8,EE8109,Embedded System Design,1,EE8109S1,EE8109S2,NULL,1,NULL,0
EEE,8,EE8110,Power Plant Engineering,1,EE8110S1,EE8110S2,NULL,3,NULL,0
BME,1,BM1101,Introduction to Biomedical Engineering,0,BM1101S1,BM1101S2,BM1101S3,3,NULL,1
BME,1,BM1102,Human Anatomy and Physiology,0,BM1102S1,BM1102S2,BM1102S3,3,NULL,0
BME,1,BM1103,Biomedical Instrumentation,0,BM1103S1,BM1103S2,BM1103S3,4,NULL,1
BME,1,BM1104,Medical Imaging,0,BM1104S1,BM1104S2,BM1104S3,2,NULL,0
BME,1,BM1105,Biomechanics,0,BM1105S1,BM1105S2,BM1105S3,2,NULL,0
BME,1,BM1106,Biomaterials,0,BM1106S1,BM1106S2,BM1106S3,2,NULL,0
BME,1,BM1107,Bioinformatics,0,BM1107S1,BM1107S2,BM1107S3,2,NULL,0
BME,1,BM1108,Clinical Engineering,1,BM1108S1,BM1108S2,NULL,2,NULL,0
BME,1,BM1109,Rehabilitation Engineering,1,BM1109S1,BM1109S2,NULL,1,NULL,0
BME,1,BM1110,Medical Device Design,1,BM1110S1,BM1110S2,NULL,2,NULL,0
BME,2,BM2101,Biomedical Signal Processing,0,BM2101S1,BM2101S2,BM2101S3,2,NULL,0
BME,2,BM2102,Tissue Engineering,0,BM2102S1,BM2102S2,BM2102S3,3,NULL,0
BME,2,BM2103,Medical Robotics,0,BM2103S1,BM2103S2,BM2103S3,1,NULL,0
BME,2,BM2104,Biomedical Sensors and Transducers,0,BM2104S1,BM2104S2,BM2104S3,1,NULL,0
BME,2,BM2105,Biostatistics,0,BM2105S1,BM2105S2,BM2105S3,1,NULL,0
BME,2,BM2106,Medical Electronics,0,BM2106S1,BM2106S2,BM2106S3,4,NULL,0
BME,2,BM2107,Cardiovascular Engineering,0,BM2107S1,BM2107S2,BM2107S3,4,NULL,0
BME,2,BM2108,Neural Engineering,1,BM2108S1,BM2108S2,NULL,3,NULL,0
BME,2,BM2109,BioMEMS,1,BM2109S1,BM2109S2,NULL,2,NULL,0
BME,2,BM2110,Prosthetics and Orthotics,1,BM2110S1,BM2110S2,NULL,4,NULL,0
BME,3,BM3101,Medical Data Analysis,0,BM3101S1,BM3101S2,BM3101S3,4,BM2102,0
BME,3,BM3102,Radiological Equipment,0,BM3102S1,BM3102S2,BM3102S3,2,NULL,1
BME,3,BM3103,Computational Biology,0,BM3103S1,BM3103S2,BM3103S3,3,NULL,0
BME,3,BM3104,Nanotechnology in Medicine,0,BM3104S1,BM3104S2,BM3104S3,4,BM2101,0
BME,3,BM3105,Biomedical Optics,0,BM3105S1,BM3105S2,BM3105S3,3,NULL,1
BME,3,BM3106,Genomics and Proteomics,0,BM3106S1,BM3106S2,BM3106S3,4,NULL,0
BME,3,BM3107,Healthcare Informatics,0,BM3107S1,BM3107S2,BM3107S3,1,BM2107,0
BME,3,BM3108,Physiological Control Systems,1,BM3108S1,BM3108S2,NULL,2,NULL,0
BME,3,BM3109,Molecular Bioengineering,1,BM3109S1,BM3109S2,NULL,1,NULL,0
BME,3,BM3110,Advanced Biomaterials,1,BM3110S1,BM3110S2,NULL,2,NULL,0
BME,4,BM4101,Therapeutic Devices,0,BM4101S1,BM4101S2,BM4101S3,2,NULL,0
BME,4,BM4102,Drug Delivery Systems,0,BM4102S1,BM4102S2,BM4102S3,2,NULL,0
BME,4,BM4103,Bioengineering Design,0,BM4103S1,BM4103S2,BM4103S3,2,NULL,0
BME,4,BM4104,Biomechanics of Human Movement,0,BM4104S1,BM4104S2,BM4104S3,4,NULL,0
BME,4,BM4105,Advanced Medical Imaging Techniques,0,BM4105S1,BM4105S2,BM4105S3,2,NULL,0
BME,4,BM4106,Functional Genomics,0,BM4106S1,BM4106S2,BM4106S3,3,NULL,0
BME,4,BM4107,Regenerative Medicine,0,BM4107S1,BM4107S2,BM4107S3,3,NULL,0
BME,4,BM4108,Medical Device Regulations,1,BM4108S1,BM4108S2,NULL,2,NULL,0
BME,4,BM4109,Biosignal Analysis,1,BM4109S1,BM4109S2,NULL,1,NULL,0
BME,4,BM4110,Biochemical Engineering,1,BM4110S1,BM4110S2,NULL,1,NULL,0
BME,5,BM5101,Neural Prosthetics,0,BM5101S1,BM5101S2,BM5101S3,3,BM4105|BM4103,0
BME,5,BM5102,Microfluidics in Biomedical Engineering,0,BM5102S1,BM5102S2,BM5102S3,4,NULL,1
BME,5,BM5103,Biomedical Ethics,0,BM5103S1,BM5103S2,BM5103S3,3,NULL,0
BME,5,BM5104,Medical Instrumentation Design,0,BM5104S1,BM5104S2,BM5104S3,2,BM4101,0
BME,5,BM5105,Bioelectricity,0,BM5105S1,BM5105S2,BM5105S3,4,NULL,1
BME,5,BM5106,Artificial Organs,0,BM5106S1,BM5106S2,BM5106S3,1,NULL,0
BME,5,BM5107,Systems Biology,0,BM5107S1,BM5107S2,BM5107S3,2,BM4107,0
BME,5,BM5108,Biomedical Sensors,1,BM5108S1,BM5108S2,NULL,3,NULL,0
BME,5,BM5109,Applied Biomechanics,1,BM5109S1,BM5109S2,NULL,3,NULL,0
BME,5,BM5110,Medical Physics,1,BM5110S1,BM5110S2,NULL,3,NULL,0
BME,6,BM6101,Medical Biotechnology,0,BM6101S1,BM6101S2,BM6101S3,3,NULL,0
BME,6,BM6102,Medical Image Processing,0,BM6102S1,BM6102S2,BM6102S3,4,NULL,0
BME,6,BM6103,Clinical Biomechanics,0,BM6103S1,BM6103S2,BM6103S3,1,NULL,0
BME,6,BM6104,Biopolymer Engineering,0,BM6104S1,BM6104S2,BM6104S3,4,NULL,0
BME,6,BM6105,Human Factors in Medical Devices,0,BM6105S1,BM6105S2,BM6105S3,3,NULL,0
BME,6,BM6106,Computational Neuroscience,0,BM6106S1,BM6106S2,BM6106S3,3,NULL,0
BME,6,BM6107,Cellular Engineering,0,BM6107S1,BM6107S2,BM6107S3,1,NULL,0
BME,6,BM6108,Biomedical Optoelectronics,1,BM6108S1,BM6108S2,NULL,4,NULL,0
BME,6,BM6109,Advanced Clinical Engineering,1,BM6109S1,BM6109S2,NULL,1,NULL,0
BME,6,BM6110,Biomedical Nanotechnology,1,BM6110S1,BM6110S2,NULL,4,NULL,0
BME,7,BM7101,Medical Software Development,0,BM7101S1,BM7101S2,BM7101S3,3,BM6104,0
BME,7,BM7102,Biofluid Mechanics,0,BM7102S1,BM7102S2,BM7102S3,1,NULL,1
BME,7,BM7103,Medical Device Innovation,0,BM7103S1,BM7103S2,BM7103S3,4,NULL,0
BME,7,BM7104,Molecular Imaging,0,BM7104S1,BM7104S2,BM7104S3,1,BM6102|BM6107,0
BME,7,BM7105,Medical Physics and Radiation,0,BM7105S1,BM7105S2,BM7105S3,2,NULL,0
BME,7,BM7106,Biosystems Engineering,0,BM7106S1,BM7106S2,BM7106S3,1,NULL,1
BME,7,BM7107,Medical Laboratory Technology,0,BM7107S1,BM7107S2,BM7107S3,1,BM6103,0
BME,7,BM7108,Immunoengineering,1,BM7108S1,BM7108S2,NULL,3,NULL,0
BME,7,BM7109,Telemedicine,1,BM7109S1,BM7109S2,NULL,4,NULL,0
BME,7,BM7110,Physiological Modeling,1,BM7110S1,BM7110S2,NULL,2,NULL,0
BME,8,BM8101,Health Technology Assessment,0,BM8101S1,BM8101S2,BM8101S3,2,NULL,0
BME,8,BM8102,Personalized Medicine,0,BM8102S1,BM8102S2,BM8102S3,4,NULL,0
BME,8,BM8103,Bioengineering Research Methods,0,BM8103S1,BM8103S2,BM8103S3,3,NULL,0
BME,8,BM8104,Medical Equipment Maintenance,0,BM8104S1,BM8104S2,BM8104S3,2,NULL,0
BME,8,BM8105,Cardiovascular Fluid Mechanics,0,BM8105S1,BM8105S2,BM8105S3,1,NULL,0
BME,8,BM8106,Medical Nanotechnology,0,BM8106S1,BM8106S2,BM8106S3,4,NULL,0
BME,8,BM8107,Biomedical Product Development,0,BM8107S1,BM8107S2,BM8107S3,4,NULL,0
BME,8,BM8108,Biomedical Engineering Design Projects,1,BM8108S1,BM8108S2,NULL,4,NULL,0
BME,8,BM8109,Ethical Issues in Biomedical Engineering,1,BM8109S1,BM8109S2,NULL,4,NULL,0
BME,8,BM8110,Medical Ultrasonics,1,BM8110S1,BM8110S2,NULL,3,NULL,0
CIVIL,1,CV1101,Introduction to Civil Engineering,0,CV1101S1,CV1101S2,CV1101S3,3,NULL,1
CIVIL,1,CV1102,Engineering Mechanics,0,CV1102S1,CV1102S2,CV1102S3,3,NULL,1
CIVIL,1,CV1103,Surveying,0,CV1103S1,CV1103S2,CV1103S3,2,NULL,0
CIVIL,1,CV1104,Building Materials,0,CV1104S1,CV1104S2,CV1104S3,1,NULL,0
CIVIL,1,CV1105,Strength of Materials,0,CV1105S1,CV1105S2,CV1105S3,1,NULL,0
CIVIL,1,CV1106,Structural Analysis,0,CV1106S1,CV1106S2,CV1106S3,1,NULL,0
CIVIL,1,CV1107,Concrete Technology,0,CV1107S1,CV1107S2,CV1107S3,4,NULL,0
CIVIL,1,CV1108,Geotechnical Engineering,1,CV1108S1,CV1108S2,NULL,3,NULL,0
CIVIL,1,CV1109,Fluid Mechanics,1,CV1109S1,CV1109S2,NULL,3,NULL,0
CIVIL,1,CV1110,Hydrology and Water Resources Engineering,1,CV1110S1,CV1110S2,NULL,4,NULL,0
CIVIL,2,CV2101,Environmental Engineering,0,CV2101S1,CV2101S2,CV2101S3,4,NULL,0
CIVIL,2,CV2102,Transportation Engineering,0,CV2102S1,CV2102S2,CV2102S3,4,NULL,0
CIVIL,2,CV2103,Construction Planning and Management,0,CV2103S1,CV2103S2,CV2103S3,2,NULL,0
CIVIL,2,CV2104,Steel Structures,0,CV2104S1,CV2104S2,CV2104S3,2,NULL,0
CIVIL,2,CV2105,Reinforced Concrete Structures,0,CV2105S1,CV2105S2,CV2105S3,1,NULL,0
CIVIL,2,CV2106,Bridge Engineering,0,CV2106S1,CV2106S2,CV2106S3,2,NULL,0
CIVIL,2,CV2107,Foundation Engineering,0,CV2107S1,CV2107S2,CV2107S3,2,NULL,0
CIVIL,2,CV2108,Pavement Design,1,CV2108S1,CV2108S2,NULL,3,NULL,0
CIVIL,2,CV2109,Traffic Engineering,1,CV2109S1,CV2109S2,NULL,1,NULL,0
CIVIL,2,CV2110,Urban Transportation Planning,1,CV2110S1,CV2110S2,NULL,1,NULL,0
CIVIL,3,CV3101,Water Supply Engineering,0,CV3101S1,CV3101S2,CV3101S3,1,CV2105,0
CIVIL,3,CV3102,Wastewater Engineering,0,CV3102S1,CV3102S2,CV3102S3,1,CV2107|CV2103,0
CIVIL,3,CV3103,Air Pollution and Control,0,CV3103S1,CV3103S2,CV3103S3,1,NULL,1
CIVIL,3,CV3104,Solid Waste Management,0,CV3104S1,CV3104S2,CV3104S3,2,NULL,1
CIVIL,3,CV3105,Remote Sensing and GIS,0,CV3105S1,CV3105S2,CV3105S3,1,NULL,0
CIVIL,3,CV3106,Construction Materials and Techniques,0,CV3106S1,CV3106S2,CV3106S3,4,NULL,0
CIVIL,3,CV3107,Advanced Structural Analysis,0,CV3107S1,CV3107S2,CV3107S3,2,CV2104,0
CIVIL,3,CV3108,Prestressed Concrete Structures,1,CV3108S1,CV3108S2,NULL,2,NULL,0
CIVIL,3,CV3109,Earthquake Engineering,1,CV3109S1,CV3109S2,NULL,2,NULL,0
CIVIL,3,CV3110,Finite Element Analysis,1,CV3110S1,CV3110S2,NULL,1,NULL,0
CIVIL,4,CV4101,Coastal Engineering,0,CV4101S1,CV4101S2,CV4101S3,2,NULL,0
CIVIL,4,CV4102,Harbour and Dock Engineering,0,CV4102S1,CV4102S2,CV4102S3,4,NULL,0
CIVIL,4,CV4103,Railway Engineering,0,CV4103S1,CV4103S2,CV4103S3,1,NULL,0
CIVIL,4,CV4104,Airport Engineering,0,CV4104S1,CV4104S2,CV4104S3,3,NULL,0
CIVIL,4,CV4105,Tunnel Engineering,0,CV4105S1,CV4105S2,CV4105S3,1,NULL,0
CIVIL,4,CV4106,Advanced Foundation Engineering,0,CV4106S1,CV4106S2,CV4106S3,2,NULL,0
CIVIL,4,CV4107,Ground Improvement Techniques,0,CV4107S1,CV4107S2,CV4107S3,2,NULL,0
CIVIL,4,CV4108,Soil Dynamics,1,CV4108S1,CV4108S2,NULL,3,NULL,0
CIVIL,4,CV4109,Environmental Impact Assessment,1,CV4109S1,CV4109S2,NULL,2,NULL,0
CIVIL,4,CV4110,Hydraulics,1,CV4110S1,CV4110S2,NULL,4,NULL,0
CIVIL,5,CV5101,Advanced Fluid Mechanics,0,CV5101S1,CV5101S2,CV5101S3,1,CV4107,0
CIVIL,5,CV5102,Dams and Hydraulic Structures,0,CV5102S1,CV5102S2,CV5102S3,4,NULL,1
CIVIL,5,CV5103,Groundwater Hydrology,0,CV5103S1,CV5103S2,CV5103S3,1,NULL,1
CIVIL,5,CV5104,Construction Project Management,0,CV5104S1,CV5104S2,CV5104S3,2,NULL,0
CIVIL,5,CV5105,Construction Safety Management,0,CV5105S1,CV5105S2,CV5105S3,4,NULL,0
CIVIL,5,CV5106,Sustainable Construction,0,CV5106S1,CV5106S2,CV5106S3,3,CV4103|CV4104,0
CIVIL,5,CV5107,Building Information Modeling (BIM),0,CV5107S1,CV5107S2,CV5107S3,1,CV4101,0
CIVIL,5,CV5108,Structural Dynamics,1,CV5108S1,CV5108S2,NULL,3,NULL,0
CIVIL,5,CV5109,Wind Engineering,1,CV5109S1,CV5109S2,NULL,1,NULL,0
CIVIL,5,CV5110,Offshore Structures,1,CV5110S1,CV5110S2,NULL,1,NULL,0
CIVIL,6,CV6101,Concrete Durability,0,CV6101S1,CV6101S2,CV6101S3,1,NULL,0
CIVIL,6,CV6102,Smart Materials in Civil Engineering,0,CV6102S1,CV6102S2,CV6102S3,3,NULL,0
CIVIL,6,CV6103,Masonry Structures,0,CV6103S1,CV6103S2,CV6103S3,1,NULL,0
CIVIL,6,CV6104,Retrofitting of Structures,0,CV6104S1,CV6104S2,CV6104S3,1,NULL,0
CIVIL,6,CV6105,Advanced Concrete Technology,0,CV6105S1,CV6105S2,CV6105S3,3,NULL,0
CIVIL,6,CV6106,Water Resources Systems,0,CV6106S1,CV6106S2,CV6106S3,3,NULL,0
CIVIL,6,CV6107,Flood Risk Management,0,CV6107S1,CV6107S2,CV6107S3,4,NULL,0
CIVIL,6,CV6108,River Engineering,1,CV6108S1,CV6108S2,NULL,1,NULL,0
CIVIL,6,CV6109,Computational Hydraulics,1,CV6109S1,CV6109S2,NULL,3,NULL,0
CIVIL,6,CV6110,Transportation Systems Analysis,1,CV6110S1,CV6110S2,NULL,4,NULL,0
CIVIL,7,CV7101,Pavement Materials,0,CV7101S1,CV7101S2,CV7101S3,4,CV6106,0
CIVIL,7,CV7102,Traffic Flow Theory,0,CV7102S1,CV7102S2,CV7102S3,2,NULL,1
CIVIL,7,CV7103,Intelligent Transportation Systems,0,CV7103S1,CV7103S2,CV7103S3,3,NULL,1
CIVIL,7,CV7104,Infrastructure Management,0,CV7104S1,CV7104S2,CV7104S3,1,CV6107|CV6102,0
CIVIL,7,CV7105,Environmental Systems Modeling,0,CV7105S1,CV7105S2,CV7105S3,2,NULL,0
CIVIL,7,CV7106,Sustainable Urban Development,0,CV7106S1,CV7106S2,CV7106S3,4,NULL,0
CIVIL,7,CV7107,Climate Change and Civil Engineering,0,CV7107S1,CV7107S2,CV7107S3,2,CV6101,0
CIVIL,7,CV7108,Civil Engineering Design Project,1,CV7108S1,CV7108S2,NULL,1,NULL,0
CIVIL,7,CV7109,Disaster Risk Management,1,CV7109S1,CV7109S2,NULL,1,NULL,0
CIVIL,7,CV7110,Seismic Design of Structures,1,CV7110S1,CV7110S2,NULL,2,NULL,0
CIVIL,8,CV8101,Advanced Soil Mechanics,0,CV8101S1,CV8101S2,CV8101S3,2,NULL,0
CIVIL,8,CV8102,Numerical Methods in Civil Engineering,0,CV8102S1,CV8102S2,CV8102S3,3,NULL,0
CIVIL,8,CV8103,Risk and Reliability Engineering,0,CV8103S1,CV8103S2,CV8103S3,1,NULL,0
CIVIL,8,CV8104,Construction Equipment and Methods,0,CV8104S1,CV8104S2,CV8104S3,4,NULL,0
CIVIL,8,CV8105,Advanced Construction Techniques,0,CV8105S1,CV8105S2,CV8105S3,3,NULL,0
CIVIL,8,CV8106,Building Performance Simulation,0,CV8106S1,CV8106S2,CV8106S3,2,NULL,0
CIVIL,8,CV8107,Performance-Based Earthquake Engineering,0,CV8107S1,CV8107S2,CV8107S3,4,NULL,0
CIVIL,8,CV8108,Water Quality Modeling,1,CV8108S1,CV8108S2,NULL,4,NULL,0
CIVIL,8,CV8109,Sediment Transport,1,CV8109S1,CV8109S2,NULL,2,NULL,0
CIVIL,8,CV8110,Reservoir Engineering,1,CV8110S1,CV8110S2,NULL,1,NULL,0
MECH,1,ME1101,Introduction to Mechanical Engineering,0,ME1101S1,ME1101S2,ME1101S3,2,NULL,1
MECH,1,ME1102,Engineering Mechanics: Statics,0,ME1102S1,ME1102S2,ME1102S3,4,NULL,0
MECH,1,ME1103,Engineering Mechanics: Dynamics,0,ME1103S1,ME1103S2,ME1103S3,3,NULL,0
MECH,1,ME1104,Mechanics of Materials,0,ME1104S1,ME1104S2,ME1104S3,3,NULL,1
MECH,1,ME1105,Thermodynamics,0,ME1105S1,ME1105S2,ME1105S3,3,NULL,0
MECH,1,ME1106,Fluid Mechanics,0,ME1106S1,ME1106S2,ME1106S3,3,NULL,0
MECH,1,ME1107,Heat Transfer,0,ME1107S1,ME1107S2,ME1107S3,4,NULL,0
MECH,1,ME1108,Materials Science,1,ME1108S1,ME1108S2,NULL,1,NULL,0
MECH,1,ME1109,Mechanical Design,1,ME1109S1,ME1109S2,NULL,4,NULL,0
MECH,1,ME1110,Manufacturing Processes,1,ME1110S1,ME1110S2,NULL,2,NULL,0
MECH,2,ME2101,Machine Design,0,ME2101S1,ME2101S2,ME2101S3,4,NULL,0
MECH,2,ME2102,Dynamics of Machinery,0,ME2102S1,ME2102S2,ME2102S3,4,NULL,0
MECH,2,ME2103,Control Systems,0,ME2103S1,ME2103S2,ME2103S3,3,NULL,0
MECH,2,ME2104,Finite Element Analysis,0,ME2104S1,ME2104S2,ME2104S3,1,NULL,0
MECH,2,ME2105,Robotics and Automation,0,ME2105S1,ME2105S2,ME2105S3,1,NULL,0
MECH,2,ME2106,Computational Fluid Dynamics,0,ME2106S1,ME2106S2,ME2106S3,4,NULL,0
MECH,2,ME2107,Internal Combustion Engines,0,ME2107S1,ME2107S2,ME2107S3,4,NULL,0
MECH,2,ME2108,Drilling and Tapping,1,ME2108S1,ME2108S2,NULL,3,NULL,0
MECH,2,ME2109,Renewable Energy Systems,1,ME2109S1,ME2109S2,NULL,1,NULL,0
MECH,2,ME2110,Advanced Thermodynamics,1,ME2110S1,ME2110S2,NULL,3,NULL,0
MECH,3,ME3101,Turbomachinery,0,ME3101S1,ME3101S2,ME3101S3,2,ME2101|ME2105,0
MECH,3,ME3102,Vibrations,0,ME3102S1,ME3102S2,ME3102S3,3,NULL,1
MECH,3,ME3103,Aerodynamics,0,ME3103S1,ME3103S2,ME3103S3,4,ME2107,0
MECH,3,ME3104,Mechatronics,0,ME3104S1,ME3104S2,ME3104S3,2,NULL,1
MECH,3,ME3105,Composite Materials,0,ME3105S1,ME3105S2,ME3105S3,3,NULL,0
MECH,3,ME3106,Microelectromechanical Systems (MEMS),0,ME3106S1,ME3106S2,ME3106S3,2,NULL,0
MECH,3,ME3107,Biomechanics,0,ME3107S1,ME3107S2,ME3107S3,3,ME2106,0
MECH,3,ME3108,Engineering Drawing and Graphics,1,ME3108S1,ME3108S2,NULL,2,NULL,0
MECH,3,ME3109,Numerical Methods in Engineering,1,ME3109S1,ME3109S2,NULL,3,NULL,0
MECH,3,ME3110,Mechanics of Composite Materials,1,ME3110S1,ME3110S2,NULL,1,NULL,0
MECH,4,ME4101,Solar Energy Engineering,0,ME4101S1,ME4101S2,ME4101S3,2,NULL,0
MECH,4,ME4102,Advanced Fluid Mechanics,0,ME4102S1,ME4102S2,ME4102S3,3,NULL,0
MECH,4,ME4103,Fracture Mechanics,0,ME4103S1,ME4103S2,ME4103S3,3,NULL,0
MECH,4,ME4104,Reliability Engineering,0,ME4104S1,ME4104S2,ME4104S3,1,NULL,0
MECH,4,ME4105,Advanced Manufacturing Technologies,0,ME4105S1,ME4105S2,ME4105S3,1,NULL,0
MECH,4,ME4106,Engineering Optimization,0,ME4106S1,ME4106S2,ME4106S3,4,NULL,0
MECH,4,ME4107,Fluid Power Systems,0,ME4107S1,ME4107S2,ME4107S3,3,NULL,0
MECH,4,ME4108,Tribology,1,ME4108S1,ME4108S2,NULL,4,NULL,0
MECH,4,ME4109,Structural Analysis,1,ME4109S1,ME4109S2,NULL,1,NULL,0
MECH,4,ME4110,Computer-Aided Design (CAD),1,ME4110S1,ME4110S2,NULL,3,NULL,0
MECH,5,ME5101,Robotics,0,ME5101S1,ME5101S2,ME5101S3,4,NULL,1
MECH,5,ME5102,Vehicle Dynamics,0,ME5102S1,ME5102S2,ME5102S3,3,ME4107,0
MECH,5,ME5103,Wind Energy Systems,0,ME5103S1,ME5103S2,ME5103S3,1,NULL,0
MECH,5,ME5104,Energy Management,0,ME5104S1,ME5104S2,ME5104S3,4,NULL,1
MECH,5,ME5105,Design of Machine Elements,0,ME5105S1,ME5105S2,ME5105S3,4,ME4103,0
MECH,5,ME5106,Product Design and Development,0,ME5106S1,ME5106S2,ME5106S3,2,NULL,0
MECH,5,ME5107,Engineering Acoustics,0,ME5107S1,ME5107S2,ME5107S3,2,ME4102|ME4105,0
MECH,5,ME5108,Nanotechnology in Mechanical Engineering,1,ME5108S1,ME5108S2,NULL,2,NULL,0
MECH,5,ME5109,Industrial Engineering,1,ME5109S1,ME5109S2,NULL,2,NULL,0
MECH,5,ME5110,Sustainable Manufacturing,1,ME5110S1,ME5110S2,NULL,1,NULL,0
MECH,6,ME6101,Additive Manufacturing (3D Printing),0,ME6101S1,ME6101S2,ME6101S3,1,NULL,0
MECH,6,ME6102,Mechanics of Robots,0,ME6102S1,ME6102S2,ME6102S3,3,NULL,0
MECH,6,ME6103,Advanced Materials and Processes,0,ME6103S1,ME6103S2,ME6103S3,4,NULL,0
MECH,6,ME6104,Computational Mechanics,0,ME6104S1,ME6104S2,ME6104S3,4,NULL,0
MECH,6,ME6105,Marine Engineering,0,ME6105S1,ME6105S2,ME6105S3,2,NULL,0
MECH,6,ME6106,Gas Dynamics,0,ME6106S1,ME6106S2,ME6106S3,3,NULL,0
MECH,6,ME6107,Automobile Engineering,0,ME6107S1,ME6107S2,ME6107S3,1,NULL,0
MECH,6,ME6108,Industrial Automation,1,ME6108S1,ME6108S2,NULL,3,NULL,0
MECH,6,ME6109,Engineering Project Management,1,ME6109S1,ME6109S2,NULL,4,NULL,0
MECH,6,ME6110,Advanced Heat Transfer,1,ME6110S1,ME6110S2,NULL,3,NULL,0
MECH,7,ME7101,Turbomachinery Design,0,ME7101S1,ME7101S2,ME7101S3,4,ME6105,0
MECH,7,ME7102,Fluid-Structure Interaction,0,ME7102S1,ME7102S2,ME7102S3,3,NULL,1
MECH,7,ME7103,Advanced Control Systems,0,ME7103S1,ME7103S2,ME7103S3,3,NULL,1
MECH,7,ME7104,Mechanical Vibrations,0,ME7104S1,ME7104S2,ME7104S3,4,ME6103,0
MECH,7,ME7105,Energy Conversion Systems,0,ME7105S1,ME7105S2,ME7105S3,2,NULL,0
MECH,7,ME7106,Acoustics and Noise Control,0,ME7106S1,ME7106S2,ME7106S3,3,NULL,0
MECH,7,ME7107,Thermal Systems Design,0,ME7107S1,ME7107S2,ME7107S3,3,ME6104|ME6102,0
MECH,7,ME7108,Aerospace Propulsion,1,ME7108S1,ME7108S2,NULL,1,NULL,0
MECH,7,ME7109,Computational Thermodynamics,1,ME7109S1,ME7109S2,NULL,2,NULL,0
MECH,7,ME7110,Mechanics of Solids,1,ME7110S1,ME7110S2,NULL,4,NULL,0
MECH,8,ME8101,Design of Thermal Systems,0,ME8101S1,ME8101S2,ME8101S3,2,NULL,0
MECH,8,ME8102,Renewable Energy Technology,0,ME8102S1,ME8102S2,ME8102S3,1,NULL,0
MECH,8,ME8103,Experimental Methods in Thermal Sciences,0,ME8103S1,ME8103S2,ME8103S3,1,NULL,0
MECH,8,ME8104,Advanced Manufacturing Systems,0,ME8104S1,ME8104S2,ME8104S3,4,NULL,0
MECH,8,ME8105,Structural Dynamics,0,ME8105S1,ME8105S2,ME8105S3,1,NULL,0
MECH,8,ME8106,Engineering Economics,0,ME8106S1,ME8106S2,ME8106S3,1,NULL,0
MECH,8,ME8107,Nanomaterials,0,ME8107S1,ME8107S2,ME8107S3,2,NULL,0
MECH,8,ME8108,Mechatronic System Design,1,ME8108S1,ME8108S2,NULL,2,NULL,0
MECH,8,ME8109,Automotive Engineering,1,ME8109S1,ME8109S2,NULL,4,NULL,0
MECH,8,ME8110,Engineering Ethics,1,ME8110S1,ME8110S2,NULL,3,NULL,0
CHEM,1,CM1101,Introduction to Chemical Engineering,0,CM1101S1,CM1101S2,CM1101S3,1,NULL,1
CHEM,1,CM1102,Chemical Process Principles,0,CM1102S1,CM1102S2,CM1102S3,3,NULL,0
CHEM,1,CM1103,Chemical Engineering Thermodynamics,0,CM1103S1,CM1103S2,CM1103S3,4,NULL,1
CHEM,1,CM1104,Fluid Mechanics,0,CM1104S1,CM1104S2,CM1104S3,4,NULL,0
CHEM,1,CM1105,Heat Transfer,0,CM1105S1,CM1105S2,CM1105S3,1,NULL,0
CHEM,1,CM1106,Mass Transfer,0,CM1106S1,CM1106S2,CM1106S3,1,NULL,0
CHEM,1,CM1107,Chemical Reaction Engineering,0,CM1107S1,CM1107S2,CM1107S3,1,NULL,0
CHEM,1,CM1108,Process Dynamics and Control,1,CM1108S1,CM1108S2,NULL,2,NULL,0
CHEM,1,CM1109,Chemical Process Design,1,CM1109S1,CM1109S2,NULL,2,NULL,0
CHEM,1,CM1110,Separation Processes,1,CM1110S1,CM1110S2,NULL,1,NULL,0
CHEM,2,CM2101,Biochemical Engineering,0,CM2101S1,CM2101S2,CM2101S3,3,NULL,0
CHEM,2,CM2102,Polymer Engineering,0,CM2102S1,CM2102S2,CM2102S3,1,NULL,0
CHEM,2,CM2103,Chemical Engineering Laboratory,0,CM2103S1,CM2103S2,CM2103S3,1,NULL,0
CHEM,2,CM2104,Materials Science and Engineering,0,CM2104S1,CM2104S2,CM2104S3,4,NULL,0
CHEM,2,CM2105,Process Equipment Design,0,CM2105S1,CM2105S2,CM2105S3,4,NULL,0
CHEM,2,CM2106,Environmental Engineering,0,CM2106S1,CM2106S2,CM2106S3,1,NULL,0
CHEM,2,CM2107,Industrial Catalysis,0,CM2107S1,CM2107S2,CM2107S3,2,NULL,0
CHEM,2,CM2108,Transport Phenomena,1,CM2108S1,CM2108S2,NULL,4,NULL,0
CHEM,2,CM2109,Energy Systems Engineering,1,CM2109S1,CM2109S2,NULL,3,NULL,0
CHEM,2,CM2110,Petroleum Refining Engineering,1,CM2110S1,CM2110S2,NULL,2,NULL,0
CHEM,3,CM3101,Electrochemical Engineering,0,CM3101S1,CM3101S2,CM3101S3,1,CM2105|CM2103,0
CHEM,3,CM3102,Computational Methods in Chemical Engineering,0,CM3102S1,CM3102S2,CM3102S3,2,NULL,1
CHEM,3,CM3103,Chemical Process Safety,0,CM3103S1,CM3103S2,CM3103S3,3,NULL,0
CHEM,3,CM3104,Process Optimization,0,CM3104S1,CM3104S2,CM3104S3,1,NULL,1
CHEM,3,CM3105,Advanced Chemical Reaction Engineering,0,CM3105S1,CM3105S2,CM3105S3,4,CM2107,0
CHEM,3,CM3106,Membrane Technology,0,CM3106S1,CM3106S2,CM3106S3,3,NULL,0
CHEM,3,CM3107,Process Simulation and Modeling,0,CM3107S1,CM3107S2,CM3107S3,1,CM2102,0
CHEM,3,CM3108,Chemical Product Design,1,CM3108S1,CM3108S2,NULL,1,NULL,0
CHEM,3,CM3109,Sustainable Engineering,1,CM3109S1,CM3109S2,NULL,3,NULL,0
CHEM,3,CM3110,Nanotechnology in Chemical Engineering,1,CM3110S1,CM3110S2,NULL,2,NULL,0
CHEM,4,CM4101,Advanced Process Control,0,CM4101S1,CM4101S2,CM4101S3,2,NULL,0
CHEM,4,CM4102,Industrial Biotechnology,0,CM4102S1,CM4102S2,CM4102S3,1,NULL,0
CHEM,4,CM4103,Surface and Colloid Science,0,CM4103S1,CM4103S2,CM4103S3,1,NULL,0
CHEM,4,CM4104,Chemical Plant Design and Economics,0,CM4104S1,CM4104S2,CM4104S3,1,NULL,0
CHEM,4,CM4105,Catalytic Processes,0,CM4105S1,CM4105S2,CM4105S3,3,NULL,0
CHEM,4,CM4106,Environmental Process Engineering,0,CM4106S1,CM4106S2,CM4106S3,1,NULL,0
CHEM,4,CM4107,Fluidization Engineering,0,CM4107S1,CM4107S2,CM4107S3,2,NULL,0
CHEM,4,CM4108,Advanced Transport Phenomena,1,CM4108S1,CM4108S2,NULL,2,NULL,0
CHEM,4,CM4109,Renewable Energy Technologies,1,CM4109S1,CM4109S2,NULL,2,NULL,0
CHEM,4,CM4110,Food Process Engineering,1,CM4110S1,CM4110S2,NULL,4,NULL,0
CHEM,5,CM5101,Pulp and Paper Engineering,0,CM5101S1,CM5101S2,CM5101S3,1,CM4104|CM4105,0
CHEM,5,CM5102,Chemical Engineering Thermodynamics II,0,CM5102S1,CM5102S2,CM5102S3,4,NULL,1
CHEM,5,CM5103,Advanced Separation Processes,0,CM5103S1,CM5103S2,CM5103S3,3,NULL,1
CHEM,5,CM5104,Reaction Kinetics,0,CM5104S1,CM5104S2,CM5104S3,3,CM4106,0
CHEM,5,CM5105,Pharmaceutical Engineering,0,CM5105S1,CM5105S2,CM5105S3,2,NULL,0
CHEM,5,CM5106,Corrosion Engineering,0,CM5106S1,CM5106S2,CM5106S3,4,NULL,0
CHEM,5,CM5107,Petrochemical Engineering,0,CM5107S1,CM5107S2,CM5107S3,2,CM4102|CM4103,0
CHEM,5,CM5108,Process Intensification,1,CM5108S1,CM5108S2,NULL,2,NULL,0
CHEM,5,CM5109,Chemical Process Instrumentation,1,CM5109S1,CM5109S2,NULL,4,NULL,0
CHEM,5,CM5110,Industrial Safety and Hazard Management,1,CM5110S1,CM5110S2,NULL,4,NULL,0
CHEM,6,CM6101,Polymer Processing,0,CM6101S1,CM6101S2,CM6101S3,4,NULL,0
CHEM,6,CM6102,Energy Conservation and Management,0,CM6102S1,CM6102S2,CM6102S3,4,NULL,0
CHEM,6,CM6103,Green Chemical Engineering,0,CM6103S1,CM6103S2,CM6103S3,2,NULL,0
CHEM,6,CM6104,Molecular Thermodynamics,0,CM6104S1,CM6104S2,CM6104S3,2,NULL,0
CHEM,6,CM6105,Crystallization Processes,0,CM6105S1,CM6105S2,CM6105S3,2,NULL,0
CHEM,6,CM6106,Bioreactor Design,0,CM6106S1,CM6106S2,CM6106S3,4,NULL,0
CHEM,6,CM6107,Applied Statistics for Chemical Engineers,0,CM6107S1,CM6107S2,CM6107S3,4,NULL,0
CHEM,6,CM6108,Microfluidics,1,CM6108S1,CM6108S2,NULL,3,NULL,0
CHEM,6,CM6109,Chemical Engineering Design Project,1,CM6109S1,CM6109S2,NULL,4,NULL,0
CHEM,6,CM6110,Air Pollution Control,1,CM6110S1,CM6110S2,NULL,4,NULL,0
CHEM,7,CM7101,Chemical Engineering Materials,0,CM7101S1,CM7101S2,CM7101S3,4,CM6104|CM6107,0
CHEM,7,CM7102,Industrial Waste Management,0,CM7102S1,CM7102S2,CM7102S3,3,NULL,1
CHEM,7,CM7103,Advanced Process Engineering,0,CM7103S1,CM7103S2,CM7103S3,3,NULL,1
CHEM,7,CM7104,Multiphase Flow,0,CM7104S1,CM7104S2,CM7104S3,2,CM6102,0
CHEM,7,CM7105,Process Plant Simulation,0,CM7105S1,CM7105S2,CM7105S3,3,NULL,0
CHEM,7,CM7106,Water Treatment Engineering,0,CM7106S1,CM7106S2,CM7106S3,1,NULL,0
CHEM,7,CM7107,Reaction Engineering Laboratory,0,CM7107S1,CM7107S2,CM7107S3,3,CM6103|CM6101,0
CHEM,7,CM7108,Computational Fluid Dynamics,1,CM7108S1,CM7108S2,NULL,2,NULL,0
CHEM,7,CM7109,Chemical Vapor Deposition,1,CM7109S1,CM7109S2,NULL,4,NULL,0
CHEM,7,CM7110,Ceramic Engineering,1,CM7110S1,CM7110S2,NULL,4,NULL,0
CHEM,8,CM8101,Fermentation Technology,0,CM8101S1,CM8101S2,CM8101S3,4,NULL,0
CHEM,8,CM8102,Process Heat Transfer,0,CM8102S1,CM8102S2,CM8102S3,1,NULL,0
CHEM,8,CM8103,Advanced Chemical Process Design,0,CM8103S1,CM8103S2,CM8103S3,3,NULL,0
CHEM,8,CM8104,Molecular Modeling in Chemical Engineering,0,CM8104S1,CM8104S2,CM8104S3,4,NULL,0
CHEM,8,CM8105,Scale-Up Methods in Chemical Engineering,0,CM8105S1,CM8105S2,CM8105S3,1,NULL,0
CHEM,8,CM8106,Environmental Impact Assessment,0,CM8106S1,CM8106S2,CM8106S3,1,NULL,0
CHEM,8,CM8107,Bioseparations,0,CM8107S1,CM8107S2,CM8107S3,3,NULL,0
CHEM,8,CM8108,Thermal Systems Design,1,CM8108S1,CM8108S2,NULL,2,NULL,0
CHEM,8,CM8109,Quality Control in Chemical Processes,1,CM8109S1,CM8109S2,NULL,3,NULL,0
CHEM,8,CM8110,Advanced Biochemical Engineering,1,CM8110S1,CM8110S2,NULL,3,NULL,0
