CS1101S1,CSFA02,15,NULL,2,NULL
CS1101S2,CSFA19,15,2310004,2,NULL
CS1101S3,CSFA34,15,NULL,2,NULL
CS1102S1,CSFA06,0,2310006,0,2310003|2310012
CS1102S2,CSFA24,15,2310004,2,NULL
CS1102S3,CSFA06,15,NULL,2,NULL
CS1103S1,CSFA29,0,2310001|2310002|2310004|2310734|2310003|2310005|2310007|2310008|2310009|2310010|2310011|2310012|2310013|2310014|2310015|2310016|2310017|2310018,2,NULL
CS1103S2,CSFA25,15,NULL,2,NULL
CS1103S3,CSFA03,12,2310019|2310020|2310021,2,NULL
CS1104S1,CSFA15,15,2310004,2,NULL
CS1104S2,CSFA25,0,2310001|2310734|2310002|2310003|2310005|2310007|2310008|2310009|2310010|2310011|2310012|2310013|2310014|2310015|2310016|2310017,3,NULL
CS1104S3,CSFA22,11,2310018|2310019|2310020|2310021,2,NULL
CS1105S1,CSFA03,9,2310734|2310017|2310018|2310019|2310020|2310021,2,NULL
CS1105S2,CSFA22,15,NULL,2,NULL
CS1105S3,CSFA25,15,NULL,2,NULL
CS1106S1,CSFA14,15,NULL,2,NULL
CS1106S2,CSFA30,15,NULL,2,NULL
CS1107S1,CSFA28,15,2310004,2,NULL
CS1107S2,CSFA14,15,NULL,2,NULL
CS1108S1,CSFA05,0,2310734|2310001|2310002|2310003|2310005|2310007|2310008|2310009|2310010|2310011|2310012|2310013|2310014|2310015|2310016,2,NULL
CS1108S2,CSFA19,15,NULL,2,NULL
CS1109S1,CSFA39,15,NULL,2,NULL
CS1109S2,CSFA07,0,2310004,0,2310013|2310020
CS1109S3,CSFA18,15,NULL,2,NULL
CS1110S1,CSFA28,15,NULL,2,NULL
CS1110S2,CSFA25,10,2310017|2310018|2310019|2310020|2310021,2,NULL
CS1110S3,CSFA02,0,2310734|2310001|2310002|2310003|2310005|2310007|2310008|2310009|2310010|2310011|2310012|2310013|2310014|2310015|2310016,2,NULL
CS2101S1,CSFA10,15,NULL,2,NULL
CS2101S2,CSFA20,15,NULL,2,NULL
CS2101S3,CSFA22,15,NULL,2,NULL
CS2102S1,CSFA09,15,NULL,2,NULL
CS2102S2,CSFA19,15,NULL,2,NULL
CS2102S3,CSFA08,15,NULL,2,NULL
CS2103S1,CSFA20,15,NULL,2,NULL
CS2103S2,CSFA17,15,NULL,2,NULL
CS2103S3,CSFA04,15,NULL,2,NULL
CS2104S1,CSFA03,15,NULL,2,NULL
CS2104S2,CSFA37,15,NULL,2,NULL
CS2104S3,CSFA06,15,NULL,2,NULL
CS2105S1,CSFA33,15,NULL,2,NULL
CS2105S2,CSFA01,15,NULL,2,NULL
CS2105S3,CSFA18,15,NULL,2,NULL
CS2106S1,CSFA08,15,NULL,2,NULL
CS2106S2,CSFA25,15,NULL,2,NULL
CS2107S1,CSFA33,15,NULL,2,NULL
CS2107S2,CSFA33,15,NULL,2,NULL
CS2108S1,CSFA31,15,NULL,2,NULL
CS2108S2,CSFA20,15,NULL,2,NULL
CS2109S1,CSFA26,15,NULL,2,NULL
CS2109S2,CSFA37,15,NULL,2,NULL
CS2109S3,CSFA37,15,NULL,2,NULL
CS2110S1,CSFA10,15,NULL,2,NULL
CS2110S2,CSFA08,15,NULL,2,NULL
CS2110S3,CSFA04,15,NULL,2,NULL
CS3101S1,CSFA17,15,2310023,2,NULL
CS3101S2,CSFA16,10,2310039|2310040|2310041|2310042|2310043,2,NULL
CS3101S3,CSFA30,0,2310022|2310024|2310025|2310026|2310027|2310028|2310029|2310030|2310031|2310032|2310033|2310034|2310035|2310036|2310037|2310038,2,NULL
CS3102S1,CSFA09,15,NULL,2,NULL
CS3102S2,CSFA13,15,NULL,2,NULL
CS3102S3,CSFA13,15,2310022,2,NULL
CS3103S1,CSFA15,15,NULL,2,NULL
CS3103S2,CSFA20,10,2310022|2310023|2310039|2310040|2310041|2310042|2310043,2,NULL
CS3103S3,CSFA32,0,2310024|2310025|2310026|2310027|2310028|2310029|2310030|2310031|2310032|2310033|2310034|2310035|2310036|2310037|2310038,2,NULL
CS3104S1,CSFA05,15,NULL,2,NULL
CS3104S2,CSFA16,15,NULL,2,NULL
CS3104S3,CSFA11,15,NULL,2,NULL
CS3105S1,CSFA15,15,2310022,2,NULL
CS3105S2,CSFA15,15,NULL,2,NULL
CS3105S3,CSFA17,15,NULL,2,NULL
CS3106S1,CSFA34,15,NULL,2,NULL
CS3106S2,CSFA09,15,2310022,2,NULL
CS3107S1,CSFA05,15,NULL,2,NULL
CS3107S2,CSFA23,15,NULL,2,NULL
CS3108S1,CSFA12,9,2310038|2310039|2310040|2310041|2310042|2310043,2,NULL
CS3108S2,CSFA24,0,2310023|2310024|2310025|2310026|2310027|2310028|2310029|2310030|2310031|2310032|2310033|2310034|2310035|2310036|2310037,2,NULL
CS3109S1,CSFA32,15,NULL,2,NULL
CS3109S2,CSFA11,15,NULL,2,NULL
CS3109S3,CSFA34,15,NULL,2,NULL
CS3110S1,CSFA28,15,2310022,2,NULL
CS3110S2,CSFA23,9,2310038|2310039|2310040|2310041|2310042|2310043,2,NULL
CS3110S3,CSFA10,0,2310023|2310024|2310025|2310026|2310027|2310028|2310029|2310030|2310031|2310032|2310033|2310034|2310035|2310036|2310037,2,NULL
CS4101S1,CSFA29,15,NULL,2,NULL
CS4101S2,CSFA18,15,NULL,2,NULL
CS4101S3,CSFA35,15,NULL,2,NULL
CS4102S1,CSFA36,15,NULL,2,NULL
CS4102S2,CSFA35,15,NULL,2,NULL
CS4102S3,CSFA02,15,NULL,2,NULL
CS4103S1,CSFA33,15,NULL,2,NULL
CS4103S2,CSFA22,15,NULL,2,NULL
CS4103S3,CSFA04,15,NULL,2,NULL
CS4104S1,CSFA18,15,NULL,2,NULL
CS4104S2,CSFA18,15,NULL,2,NULL
CS4104S3,CSFA14,15,NULL,2,NULL
CS4105S1,CSFA40,15,NULL,2,NULL
CS4105S2,CSFA10,15,NULL,2,NULL
CS4105S3,CSFA13,15,NULL,2,NULL
CS4106S1,CSFA12,15,NULL,2,NULL
CS4106S2,CSFA23,15,NULL,2,NULL
CS4107S1,CSFA33,15,NULL,2,NULL
CS4107S2,CSFA29,15,NULL,2,NULL
CS4108S1,CSFA26,15,NULL,2,NULL
CS4108S2,CSFA27,15,NULL,2,NULL
CS4109S1,CSFA08,15,NULL,2,NULL
CS4109S2,CSFA40,15,NULL,2,NULL
CS4109S3,CSFA29,15,NULL,2,NULL
CS4110S1,CSFA23,15,NULL,2,NULL
CS4110S2,CSFA01,15,NULL,2,NULL
CS4110S3,CSFA18,15,NULL,2,NULL
CS5101S1,CSFA04,15,NULL,2,NULL
CS5101S2,CSFA19,15,NULL,2,NULL
CS5101S3,CSFA07,15,NULL,2,NULL
CS5102S1,CSFA01,15,NULL,2,NULL
CS5102S2,CSFA12,8,2310059|2310060|2310061|2310062|2310063|2310064|2310065,2,NULL
CS5102S3,CSFA09,0,2310044|2310045|2310046|2310047|2310048|2310049|2310050|2310051|2310052|2310053|2310054|2310055|2310056|2310057|2310058,2,NULL
CS5103S1,CSFA38,15,NULL,2,NULL
CS5103S2,CSFA31,15,NULL,2,NULL
CS5103S3,CSFA05,15,NULL,2,NULL
CS5104S1,CSFA01,15,NULL,2,NULL
CS5104S2,CSFA34,8,2310059|2310060|2310061|2310062|2310063|2310064|2310065,2,NULL
CS5104S3,CSFA39,0,2310044|2310045|2310046|2310047|2310048|2310049|2310050|2310051|2310052|2310053|2310054|2310055|2310056|2310057|2310058,2,NULL
CS5105S1,CSFA07,15,NULL,2,NULL
CS5105S2,CSFA26,15,NULL,2,NULL
CS5105S3,CSFA24,15,NULL,2,NULL
CS5106S1,CSFA37,15,NULL,2,NULL
CS5106S2,CSFA14,15,NULL,2,NULL
CS5107S1,CSFA03,15,NULL,2,NULL
CS5107S2,CSFA10,15,NULL,2,NULL
CS5108S1,CSFA19,15,NULL,2,NULL
CS5108S2,CSFA02,15,NULL,2,NULL
CS5109S1,CSFA38,15,NULL,2,NULL
CS5109S2,CSFA20,8,2310059|2310060|2310061|2310062|2310063|2310064|2310065,2,NULL
CS5109S3,CSFA16,0,2310044|2310045|2310046|2310047|2310048|2310049|2310050|2310051|2310052|2310053|2310054|2310055|2310056|2310057|2310058,2,NULL
CS5110S1,CSFA05,15,NULL,2,NULL
CS5110S2,CSFA27,8,2310059|2310060|2310061|2310062|2310063|2310064|2310065,2,NULL
CS5110S3,CSFA35,0,2310044|2310045|2310046|2310047|2310048|2310049|2310050|2310051|2310052|2310053|2310054|2310055|2310056|2310057|2310058,2,NULL
CS6101S1,CSFA12,15,NULL,2,NULL
CS6101S2,CSFA40,15,NULL,2,NULL
CS6101S3,CSFA07,15,NULL,2,NULL
CS6102S1,CSFA24,15,NULL,2,NULL
CS6102S2,CSFA38,15,NULL,2,NULL
CS6102S3,CSFA21,15,NULL,2,NULL
CS6103S1,CSFA38,15,NULL,2,NULL
CS6103S2,CSFA28,15,NULL,2,NULL
CS6103S3,CSFA07,15,NULL,2,NULL
CS6104S1,CSFA31,15,NULL,2,NULL
CS6104S2,CSFA11,15,NULL,2,NULL
CS6104S3,CSFA39,15,NULL,2,NULL
CS6105S1,CSFA36,15,NULL,2,NULL
CS6105S2,CSFA04,15,NULL,2,NULL
CS6105S3,CSFA38,15,NULL,2,NULL
CS6106S1,CSFA16,15,NULL,2,NULL
CS6106S2,CSFA06,15,NULL,2,NULL
CS6107S1,CSFA32,15,NULL,2,NULL
CS6107S2,CSFA09,15,NULL,2,NULL
CS6108S1,CSFA16,15,NULL,2,NULL
CS6108S2,CSFA14,15,NULL,2,NULL
CS6109S1,CSFA11,15,NULL,2,NULL
CS6109S2,CSFA32,15,NULL,2,NULL
CS6109S3,CSFA08,15,NULL,2,NULL
CS6110S1,CSFA30,15,NULL,2,NULL
CS6110S2,CSFA40,15,NULL,2,NULL
CS6110S3,CSFA13,15,NULL,2,NULL
CS7101S1,CSFA31,15,NULL,2,NULL
CS7101S2,CSFA35,15,NULL,2,NULL
CS7101S3,CSFA32,15,NULL,2,NULL
CS7102S1,CSFA16,15,NULL,2,NULL
CS7102S2,CSFA25,15,NULL,2,NULL
CS7102S3,CSFA23,15,NULL,2,NULL
CS7103S1,CSFA03,15,NULL,2,NULL
CS7103S2,CSFA30,4,2310081|2310082|2310083|2310084|2310085|2310086|2310087|2310088|2310089|2310090|2310091,2,NULL
CS7103S3,CSFA36,0,2310066|2310067|2310068|2310069|2310070|2310071|2310072|2310073|2310074|2310075|2310076|2310077|2310078|2310079|2310080,2,NULL
CS7104S1,CSFA28,15,NULL,2,NULL
CS7104S2,CSFA17,4,2310081|2310082|2310083|2310084|2310085|2310086|2310087|2310088|2310089|2310090|2310091,2,NULL
CS7104S3,CSFA31,0,2310066|2310067|2310068|2310069|2310070|2310071|2310072|2310073|2310074|2310075|2310076|2310077|2310078|2310079|2310080,2,NULL
CS7105S1,CSFA08,15,NULL,2,NULL
CS7105S2,CSFA10,15,NULL,2,NULL
CS7105S3,CSFA22,15,NULL,2,NULL
CS7106S1,CSFA30,15,NULL,2,NULL
CS7106S2,CSFA23,15,NULL,2,NULL
CS7107S1,CSFA15,15,NULL,2,NULL
CS7107S2,CSFA01,15,NULL,2,NULL
CS7108S1,CSFA27,15,NULL,2,NULL
CS7108S2,CSFA17,15,NULL,2,NULL
CS7109S1,CSFA12,15,NULL,2,NULL
CS7109S2,CSFA31,4,2310081|2310082|2310083|2310084|2310085|2310086|2310087|2310088|2310089|2310090|2310091,2,NULL
CS7109S3,CSFA21,0,2310066|2310067|2310068|2310069|2310070|2310071|2310072|2310073|2310074|2310075|2310076|2310077|2310078|2310079|2310080,2,NULL
CS7110S1,CSFA27,15,NULL,2,NULL
CS7110S2,CSFA21,4,2310081|2310082|2310083|2310084|2310085|2310086|2310087|2310088|2310089|2310090|2310091,2,NULL
CS7110S3,CSFA29,0,2310066|2310067|2310068|2310069|2310070|2310071|2310072|2310073|2310074|2310075|2310076|2310077|2310078|2310079|2310080,2,NULL
CS8101S1,CSFA01,15,NULL,2,NULL
CS8101S2,CSFA07,15,NULL,2,NULL
CS8101S3,CSFA34,15,NULL,2,NULL
CS8102S1,CSFA38,15,NULL,2,NULL
CS8102S2,CSFA26,15,NULL,2,NULL
CS8102S3,CSFA36,15,NULL,2,NULL
CS8103S1,CSFA21,15,NULL,2,NULL
CS8103S2,CSFA33,15,NULL,2,NULL
CS8103S3,CSFA30,15,NULL,2,NULL
CS8104S1,CSFA20,15,NULL,2,NULL
CS8104S2,CSFA04,15,NULL,2,NULL
CS8104S3,CSFA26,15,NULL,2,NULL
CS8105S1,CSFA21,15,NULL,2,NULL
CS8105S2,CSFA39,15,NULL,2,NULL
CS8105S3,CSFA06,15,NULL,2,NULL
CS8106S1,CSFA03,15,NULL,2,NULL
CS8106S2,CSFA14,15,NULL,2,NULL
CS8107S1,CSFA39,15,NULL,2,NULL
CS8107S2,CSFA26,15,NULL,2,NULL
CS8108S1,CSFA17,15,NULL,2,NULL
CS8108S2,CSFA05,15,NULL,2,NULL
CS8109S1,CSFA24,15,NULL,2,NULL
CS8109S2,CSFA24,15,NULL,2,NULL
CS8109S3,CSFA19,15,NULL,2,NULL
CS8110S1,CSFA32,15,NULL,2,NULL
CS8110S2,CSFA02,15,NULL,2,NULL
CS8110S3,CSFA27,15,NULL,2,NULL
EC1101S1,ECFA23,15,NULL,2,NULL
EC1101S2,ECFA08,12,2310107|2310108|2310109,2,NULL
EC1101S3,ECFA39,0,2310092|2310093|2310094|2310095|2310096|2310097|2310098|2310099|2310100|2310101|2310102|2310103|2310104|2310105|2310106,2,NULL
EC1102S1,ECFA02,15,NULL,2,NULL
EC1102S2,ECFA10,12,2310107|2310108|2310109,2,NULL
EC1102S3,ECFA08,0,2310092|2310093|2310094|2310095|2310096|2310097|2310098|2310099|2310100|2310101|2310102|2310103|2310104|2310105|2310106,2,NULL
EC1103S1,ECFA23,15,NULL,2,NULL
EC1103S2,ECFA17,15,NULL,2,NULL
EC1103S3,ECFA21,15,NULL,2,NULL
EC1104S1,ECFA02,15,NULL,2,NULL
EC1104S2,ECFA38,15,NULL,2,NULL
EC1104S3,ECFA19,15,NULL,2,NULL
EC1105S1,ECFA34,15,NULL,2,NULL
EC1105S2,ECFA38,15,NULL,2,NULL
EC1105S3,ECFA27,15,NULL,2,NULL
EC1106S1,ECFA03,15,NULL,2,NULL
EC1106S2,ECFA20,15,NULL,2,NULL
EC1107S1,ECFA10,15,NULL,2,NULL
EC1107S2,ECFA26,15,NULL,2,NULL
EC1108S1,ECFA36,15,NULL,2,NULL
EC1108S2,ECFA17,15,NULL,2,NULL
EC1108S3,ECFA16,15,NULL,2,NULL
EC1109S1,ECFA24,15,NULL,2,NULL
EC1109S2,ECFA13,13,2310107|2310108,2,NULL
EC1109S3,ECFA36,0,2310092|2310093|2310094|2310095|2310096|2310097|2310098|2310099|2310100|2310101|2310102|2310103|2310104|2310105|2310106,2,NULL
EC1110S1,ECFA22,12,2310107|2310108|2310109,2,NULL
EC1110S2,ECFA24,0,2310092|2310093|2310094|2310095|2310096|2310097|2310098|2310099|2310100|2310101|2310102|2310103|2310104|2310105|2310106,2,NULL
EC2101S1,ECFA24,15,NULL,2,NULL
EC2101S2,ECFA06,15,NULL,2,NULL
EC2101S3,ECFA12,15,NULL,2,NULL
EC2102S1,ECFA25,15,NULL,2,NULL
EC2102S2,ECFA04,15,NULL,2,NULL
EC2102S3,ECFA14,15,NULL,2,NULL
EC2103S1,ECFA08,15,NULL,2,NULL
EC2103S2,ECFA30,15,NULL,2,NULL
EC2103S3,ECFA31,15,NULL,2,NULL
EC2104S1,ECFA11,15,NULL,2,NULL
EC2104S2,ECFA39,15,NULL,2,NULL
EC2104S3,ECFA11,15,NULL,2,NULL
EC2105S1,ECFA13,15,NULL,2,NULL
EC2105S2,ECFA04,15,NULL,2,NULL
EC2105S3,ECFA04,15,NULL,2,NULL
EC2106S1,ECFA32,15,NULL,2,NULL
EC2106S2,ECFA23,15,NULL,2,NULL
EC2107S1,ECFA40,15,NULL,2,NULL
EC2107S2,ECFA26,15,NULL,2,NULL
EC2108S1,ECFA02,15,NULL,2,NULL
EC2108S2,ECFA06,15,NULL,2,NULL
EC2108S3,ECFA36,15,NULL,2,NULL
EC2109S1,ECFA17,15,NULL,2,NULL
EC2109S2,ECFA35,15,NULL,2,NULL
EC2109S3,ECFA01,15,NULL,2,NULL
EC2110S1,ECFA35,15,NULL,2,NULL
EC2110S2,ECFA26,15,NULL,2,NULL
EC3101S1,ECFA16,15,NULL,2,NULL
EC3101S2,ECFA19,15,NULL,2,NULL
EC3101S3,ECFA04,15,NULL,2,NULL
EC3102S1,ECFA05,15,NULL,2,NULL
EC3102S2,ECFA39,15,NULL,2,NULL
EC3102S3,ECFA25,15,NULL,2,NULL
EC3103S1,ECFA23,15,NULL,2,NULL
EC3103S2,ECFA14,15,NULL,2,NULL
EC3103S3,ECFA22,15,NULL,2,NULL
EC3104S1,ECFA10,15,NULL,2,NULL
EC3104S2,ECFA18,15,NULL,2,NULL
EC3104S3,ECFA39,15,NULL,2,NULL
EC3105S1,ECFA08,15,NULL,2,NULL
EC3105S2,ECFA35,15,NULL,2,NULL
EC3105S3,ECFA11,15,NULL,2,NULL
EC3106S1,ECFA01,15,NULL,2,NULL
EC3106S2,ECFA37,15,NULL,2,NULL
EC3107S1,ECFA14,15,NULL,2,NULL
EC3107S2,ECFA13,15,NULL,2,NULL
EC3108S1,ECFA32,15,NULL,2,NULL
EC3108S2,ECFA30,15,NULL,2,NULL
EC3108S3,ECFA34,15,NULL,2,NULL
EC3109S1,ECFA13,15,NULL,2,NULL
EC3109S2,ECFA15,15,NULL,2,NULL
EC3109S3,ECFA16,15,NULL,2,NULL
EC3110S1,ECFA27,15,NULL,2,NULL
EC3110S2,ECFA32,15,NULL,2,NULL
EC4101S1,ECFA14,15,NULL,2,NULL
EC4101S2,ECFA32,15,NULL,2,NULL
EC4101S3,ECFA31,15,NULL,2,NULL
EC4202S1,ECFA40,15,NULL,2,NULL
EC4202S2,ECFA37,15,NULL,2,NULL
EC4202S3,ECFA30,15,NULL,2,NULL
EC4303S1,ECFA31,15,NULL,2,NULL
EC4303S2,ECFA40,15,NULL,2,NULL
EC4303S3,ECFA10,15,NULL,2,NULL
EC4404S1,ECFA01,15,NULL,2,NULL
EC4404S2,ECFA01,15,NULL,2,NULL
EC4404S3,ECFA29,15,NULL,2,NULL
EC4505S1,ECFA35,15,NULL,2,NULL
EC4505S2,ECFA15,15,NULL,2,NULL
EC4505S3,ECFA03,15,NULL,2,NULL
EC4606S1,ECFA31,15,NULL,2,NULL
EC4606S2,ECFA10,15,NULL,2,NULL
EC4606S3,ECFA25,15,NULL,2,NULL
EC4707S1,ECFA02,15,NULL,2,NULL
EC4707S2,ECFA08,15,NULL,2,NULL
EC4707S3,ECFA07,15,NULL,2,NULL
EC4808S1,ECFA24,15,NULL,2,NULL
EC4808S2,ECFA33,15,NULL,2,NULL
EC4909S1,ECFA18,15,NULL,2,NULL
EC4909S2,ECFA05,15,NULL,2,NULL
EC4010S1,ECFA26,15,NULL,2,NULL
EC4010S2,ECFA05,15,NULL,2,NULL
EC5101S1,ECFA34,15,NULL,2,NULL
EC5101S2,ECFA39,15,NULL,2,NULL
EC5101S3,ECFA24,15,NULL,2,NULL
EC5102S1,ECFA33,15,NULL,2,NULL
EC5102S2,ECFA03,15,NULL,2,NULL
EC5102S3,ECFA12,15,NULL,2,NULL
EC5103S1,ECFA40,15,NULL,2,NULL
EC5103S2,ECFA36,15,NULL,2,NULL
EC5103S3,ECFA16,15,NULL,2,NULL
EC5104S1,ECFA29,15,NULL,2,NULL
EC5104S2,ECFA16,15,NULL,2,NULL
EC5104S3,ECFA34,15,NULL,2,NULL
EC5105S1,ECFA08,15,NULL,2,NULL
EC5105S2,ECFA09,15,NULL,2,NULL
EC5105S3,ECFA19,15,NULL,2,NULL
EC5106S1,ECFA33,15,NULL,2,NULL
EC5106S2,ECFA20,15,NULL,2,NULL
EC5106S3,ECFA36,15,NULL,2,NULL
EC5107S1,ECFA24,15,NULL,2,NULL
EC5107S2,ECFA06,15,NULL,2,NULL
EC5107S3,ECFA18,15,NULL,2,NULL
EC5108S1,ECFA35,15,NULL,2,NULL
EC5108S2,ECFA07,15,NULL,2,NULL
EC5109S1,ECFA09,15,NULL,2,NULL
EC5109S2,ECFA32,15,NULL,2,NULL
EC5110S1,ECFA15,15,NULL,2,NULL
EC5110S2,ECFA39,15,NULL,2,NULL
EC6101S1,ECFA37,15,NULL,2,NULL
EC6101S2,ECFA09,15,NULL,2,NULL
EC6101S3,ECFA30,15,NULL,2,NULL
EC6102S1,ECFA29,15,NULL,2,NULL
EC6102S2,ECFA12,15,NULL,2,NULL
EC6102S3,ECFA23,15,NULL,2,NULL
EC6103S1,ECFA31,15,NULL,2,NULL
EC6103S2,ECFA30,15,NULL,2,NULL
EC6103S3,ECFA02,15,NULL,2,NULL
EC6104S1,ECFA38,15,NULL,2,NULL
EC6104S2,ECFA26,15,NULL,2,NULL
EC6104S3,ECFA12,15,NULL,2,NULL
EC6105S1,ECFA33,15,NULL,2,NULL
EC6105S2,ECFA29,15,NULL,2,NULL
EC6105S3,ECFA37,15,NULL,2,NULL
EC6106S1,ECFA26,15,NULL,2,NULL
EC6106S2,ECFA34,15,NULL,2,NULL
EC6106S3,ECFA09,15,NULL,2,NULL
EC6107S1,ECFA22,15,NULL,2,NULL
EC6107S2,ECFA29,15,NULL,2,NULL
EC6107S3,ECFA23,15,NULL,2,NULL
EC6108S1,ECFA15,15,NULL,2,NULL
EC6108S2,ECFA19,15,NULL,2,NULL
EC6109S1,ECFA20,15,NULL,2,NULL
EC6109S2,ECFA38,15,NULL,2,NULL
EC6110S1,ECFA28,15,NULL,2,NULL
EC6110S2,ECFA22,15,NULL,2,NULL
EC7101S1,ECFA05,15,NULL,2,NULL
EC7101S2,ECFA18,15,NULL,2,NULL
EC7101S3,ECFA32,15,NULL,2,NULL
EC7102S1,ECFA10,15,NULL,2,NULL
EC7102S2,ECFA07,15,NULL,2,NULL
EC7102S3,ECFA25,15,NULL,2,NULL
EC7103S1,ECFA01,15,NULL,2,NULL
EC7103S2,ECFA29,15,NULL,2,NULL
EC7103S3,ECFA13,15,NULL,2,NULL
EC7104S1,ECFA27,15,NULL,2,NULL
EC7104S2,ECFA22,15,NULL,2,NULL
EC7104S3,ECFA07,15,NULL,2,NULL
EC7105S1,ECFA36,15,NULL,2,NULL
EC7105S2,ECFA07,15,NULL,2,NULL
EC7105S3,ECFA21,15,NULL,2,NULL
EC7106S1,ECFA28,15,NULL,2,NULL
EC7106S2,ECFA40,15,NULL,2,NULL
EC7106S3,ECFA02,15,NULL,2,NULL
EC7107S1,ECFA27,15,NULL,2,NULL
EC7107S2,ECFA01,15,NULL,2,NULL
EC7108S1,ECFA21,15,NULL,2,NULL
EC7108S2,ECFA17,15,NULL,2,NULL
EC7109S1,ECFA37,15,NULL,2,NULL
EC7109S2,ECFA11,15,NULL,2,NULL
EC7110S1,ECFA27,15,NULL,2,NULL
EC7110S2,ECFA28,15,NULL,2,NULL
EC7110S3,ECFA09,15,NULL,2,NULL
EC8101S1,ECFA17,15,NULL,2,NULL
EC8101S2,ECFA37,15,NULL,2,NULL
EC8101S3,ECFA38,15,NULL,2,NULL
EC8102S1,ECFA09,15,NULL,2,NULL
EC8102S2,ECFA27,15,NULL,2,NULL
EC8102S3,ECFA04,15,NULL,2,NULL
EC8103S1,ECFA40,15,NULL,2,NULL
EC8103S2,ECFA33,15,NULL,2,NULL
EC8103S3,ECFA14,15,NULL,2,NULL
EC8104S1,ECFA04,15,NULL,2,NULL
EC8104S2,ECFA15,15,NULL,2,NULL
EC8104S3,ECFA19,15,NULL,2,NULL
EC8105S1,ECFA11,15,NULL,2,NULL
EC8105S2,ECFA05,15,NULL,2,NULL
EC8105S3,ECFA12,15,NULL,2,NULL
EC8106S1,ECFA23,15,NULL,2,NULL
EC8106S2,ECFA35,15,NULL,2,NULL
EC8106S3,ECFA34,15,NULL,2,NULL
EC8107S1,ECFA20,15,NULL,2,NULL
EC8107S2,ECFA28,15,NULL,2,NULL
EC8108S1,ECFA22,15,NULL,2,NULL
EC8108S2,ECFA21,15,NULL,2,NULL
EC8109S1,ECFA15,15,NULL,2,NULL
EC8109S2,ECFA18,15,NULL,2,NULL
EC8110S1,ECFA33,15,NULL,2,NULL
EC8110S2,ECFA18,15,NULL,2,NULL
EC8110S3,ECFA21,15,NULL,2,NULL
IT1101S1,ITFA35,15,NULL,2,NULL
IT1101S2,ITFA28,15,NULL,2,NULL
IT1101S3,ITFA27,15,NULL,2,NULL
IT1102S1,ITFA05,15,NULL,2,NULL
IT1102S2,ITFA07,15,NULL,2,NULL
IT1102S3,ITFA10,15,NULL,2,NULL
IT1103S1,ITFA09,15,NULL,2,NULL
IT1103S2,ITFA32,15,NULL,2,NULL
IT1103S3,ITFA12,15,NULL,2,NULL
IT1104S1,ITFA35,15,NULL,2,NULL
IT1104S2,ITFA17,15,NULL,2,NULL
IT1104S3,ITFA13,15,NULL,2,NULL
IT1105S1,ITFA35,15,NULL,2,NULL
IT1105S2,ITFA21,15,NULL,2,NULL
IT1105S3,ITFA31,15,NULL,2,NULL
IT1106S1,ITFA32,15,NULL,2,NULL
IT1106S2,ITFA29,15,NULL,2,NULL
IT1106S3,ITFA11,15,NULL,2,NULL
IT1107S1,ITFA27,15,NULL,2,NULL
IT1107S2,ITFA23,15,NULL,2,NULL
IT1107S3,ITFA20,15,NULL,2,NULL
IT1108S1,ITFA12,15,NULL,2,NULL
IT1108S2,ITFA12,15,NULL,2,NULL
IT1109S1,ITFA32,15,NULL,2,NULL
IT1109S2,ITFA07,15,NULL,2,NULL
IT1110S1,ITFA17,15,NULL,2,NULL
IT1110S2,ITFA40,15,NULL,2,NULL
IT2101S1,ITFA13,15,NULL,2,NULL
IT2101S2,ITFA33,15,NULL,2,NULL
IT2101S3,ITFA18,15,NULL,2,NULL
IT2102S1,ITFA08,15,NULL,2,NULL
IT2102S2,ITFA13,15,NULL,2,NULL
IT2102S3,ITFA06,15,NULL,2,NULL
IT2103S1,ITFA12,15,NULL,2,NULL
IT2103S2,ITFA22,15,NULL,2,NULL
IT2103S3,ITFA30,15,NULL,2,NULL
IT2104S1,ITFA23,15,NULL,2,NULL
IT2104S2,ITFA08,15,NULL,2,NULL
IT2104S3,ITFA37,15,NULL,2,NULL
IT2105S1,ITFA32,15,NULL,2,NULL
IT2105S2,ITFA19,15,NULL,2,NULL
IT2105S3,ITFA03,15,NULL,2,NULL
IT2106S1,ITFA33,15,NULL,2,NULL
IT2106S2,ITFA08,15,NULL,2,NULL
IT2106S3,ITFA33,15,NULL,2,NULL
IT2107S1,ITFA34,15,NULL,2,NULL
IT2107S2,ITFA21,15,NULL,2,NULL
IT2107S3,ITFA05,15,NULL,2,NULL
IT2108S1,ITFA04,15,NULL,2,NULL
IT2108S2,ITFA09,15,NULL,2,NULL
IT2109S1,ITFA13,15,NULL,2,NULL
IT2109S2,ITFA31,15,NULL,2,NULL
IT2110S1,ITFA06,15,NULL,2,NULL
IT2110S2,ITFA38,15,NULL,2,NULL
IT3101S1,ITFA18,15,NULL,2,NULL
IT3101S2,ITFA27,15,NULL,2,NULL
IT3101S3,ITFA28,15,NULL,2,NULL
IT3102S1,ITFA04,15,NULL,2,NULL
IT3102S2,ITFA06,15,NULL,2,NULL
IT3102S3,ITFA17,15,NULL,2,NULL
IT3103S1,ITFA16,15,NULL,2,NULL
IT3103S2,ITFA07,15,NULL,2,NULL
IT3103S3,ITFA21,15,NULL,2,NULL
IT3104S1,ITFA14,15,NULL,2,NULL
IT3104S2,ITFA02,15,NULL,2,NULL
IT3104S3,ITFA29,15,NULL,2,NULL
IT3105S1,ITFA19,15,NULL,2,NULL
IT3105S2,ITFA15,15,NULL,2,NULL
IT3105S3,ITFA06,15,NULL,2,NULL
IT3106S1,ITFA24,15,NULL,2,NULL
IT3106S2,ITFA17,15,NULL,2,NULL
IT3106S3,ITFA15,15,NULL,2,NULL
IT3107S1,ITFA18,15,NULL,2,NULL
IT3107S2,ITFA02,15,NULL,2,NULL
IT3107S3,ITFA30,15,NULL,2,NULL
IT3108S1,ITFA10,15,NULL,2,NULL
IT3108S2,ITFA13,15,NULL,2,NULL
IT3109S1,ITFA20,15,NULL,2,NULL
IT3109S2,ITFA11,15,NULL,2,NULL
IT3110S1,ITFA30,15,NULL,2,NULL
IT3110S2,ITFA05,15,NULL,2,NULL
IT4101S1,ITFA40,15,NULL,2,NULL
IT4101S2,ITFA24,15,NULL,2,NULL
IT4101S3,ITFA36,15,NULL,2,NULL
IT4102S1,ITFA14,15,NULL,2,NULL
IT4102S2,ITFA38,15,NULL,2,NULL
IT4102S3,ITFA37,15,NULL,2,NULL
IT4103S1,ITFA14,15,NULL,2,NULL
IT4103S2,ITFA24,15,NULL,2,NULL
IT4103S3,ITFA39,15,NULL,2,NULL
IT4104S1,ITFA15,15,NULL,2,NULL
IT4104S2,ITFA16,15,NULL,2,NULL
IT4104S3,ITFA20,15,NULL,2,NULL
IT4105S1,ITFA02,15,NULL,2,NULL
IT4105S2,ITFA13,15,NULL,2,NULL
IT4105S3,ITFA05,15,NULL,2,NULL
IT4106S1,ITFA39,15,NULL,2,NULL
IT4106S2,ITFA10,15,NULL,2,NULL
IT4106S3,ITFA24,15,NULL,2,NULL
IT4107S1,ITFA10,15,NULL,2,NULL
IT4107S2,ITFA30,15,NULL,2,NULL
IT4107S3,ITFA18,15,NULL,2,NULL
IT4108S1,ITFA23,15,NULL,2,NULL
IT4108S2,ITFA25,15,NULL,2,NULL
IT4109S1,ITFA18,15,NULL,2,NULL
IT4109S2,ITFA01,15,NULL,2,NULL
IT4110S1,ITFA14,15,NULL,2,NULL
IT4110S2,ITFA37,15,NULL,2,NULL
IT5101S1,ITFA26,15,NULL,2,NULL
IT5101S2,ITFA16,15,NULL,2,NULL
IT5101S3,ITFA31,15,NULL,2,NULL
IT5102S1,ITFA01,15,NULL,2,NULL
IT5102S2,ITFA24,15,NULL,2,NULL
IT5102S3,ITFA34,15,NULL,2,NULL
IT5103S1,ITFA19,15,NULL,2,NULL
IT5103S2,ITFA16,15,NULL,2,NULL
IT5103S3,ITFA20,15,NULL,2,NULL
IT5104S1,ITFA36,15,NULL,2,NULL
IT5104S2,ITFA16,15,NULL,2,NULL
IT5104S3,ITFA11,15,NULL,2,NULL
IT5105S1,ITFA09,15,NULL,2,NULL
IT5105S2,ITFA23,15,NULL,2,NULL
IT5105S3,ITFA33,15,NULL,2,NULL
IT5106S1,ITFA05,15,NULL,2,NULL
IT5106S2,ITFA04,15,NULL,2,NULL
IT5106S3,ITFA09,15,NULL,2,NULL
IT5107S1,ITFA36,15,NULL,2,NULL
IT5107S2,ITFA28,15,NULL,2,NULL
IT5107S3,ITFA29,15,NULL,2,NULL
IT5108S1,ITFA03,15,NULL,2,NULL
IT5108S2,ITFA17,15,NULL,2,NULL
IT5109S1,ITFA31,15,NULL,2,NULL
IT5109S2,ITFA37,15,NULL,2,NULL
IT5110S1,ITFA14,15,NULL,2,NULL
IT5110S2,ITFA37,15,NULL,2,NULL
IT6101S1,ITFA20,15,NULL,2,NULL
IT6101S2,ITFA07,15,NULL,2,NULL
IT6101S3,ITFA12,15,NULL,2,NULL
IT6102S1,ITFA34,15,NULL,2,NULL
IT6102S2,ITFA35,15,NULL,2,NULL
IT6102S3,ITFA25,15,NULL,2,NULL
IT6103S1,ITFA40,15,NULL,2,NULL
IT6103S2,ITFA36,15,NULL,2,NULL
IT6103S3,ITFA06,15,NULL,2,NULL
IT6104S1,ITFA27,15,NULL,2,NULL
IT6104S2,ITFA25,15,NULL,2,NULL
IT6104S3,ITFA11,15,NULL,2,NULL
IT6105S1,ITFA12,15,NULL,2,NULL
IT6105S2,ITFA31,15,NULL,2,NULL
IT6105S3,ITFA28,15,NULL,2,NULL
IT6106S1,ITFA09,15,NULL,2,NULL
IT6106S2,ITFA02,15,NULL,2,NULL
IT6106S3,ITFA35,15,NULL,2,NULL
IT6107S1,ITFA29,15,NULL,2,NULL
IT6107S2,ITFA10,15,NULL,2,NULL
IT6107S3,ITFA40,15,NULL,2,NULL
IT6108S1,ITFA22,15,NULL,2,NULL
IT6108S2,ITFA15,15,NULL,2,NULL
IT6109S1,ITFA37,15,NULL,2,NULL
IT6109S2,ITFA11,15,NULL,2,NULL
IT6110S1,ITFA07,15,NULL,2,NULL
IT6110S2,ITFA01,15,NULL,2,NULL
IT7101S1,ITFA30,15,NULL,2,NULL
IT7101S2,ITFA26,15,NULL,2,NULL
IT7101S3,ITFA02,15,NULL,2,NULL
IT7102S1,ITFA23,15,NULL,2,NULL
IT7102S2,ITFA17,15,NULL,2,NULL
IT7102S3,ITFA25,15,NULL,2,NULL
IT7103S1,ITFA40,15,NULL,2,NULL
IT7103S2,ITFA30,15,NULL,2,NULL
IT7103S3,ITFA32,15,NULL,2,NULL
IT7104S1,ITFA03,15,NULL,2,NULL
IT7104S2,ITFA01,15,NULL,2,NULL
IT7104S3,ITFA20,15,NULL,2,NULL
IT7105S1,ITFA39,15,NULL,2,NULL
IT7105S2,ITFA38,15,NULL,2,NULL
IT7105S3,ITFA03,15,NULL,2,NULL
IT7106S1,ITFA38,15,NULL,2,NULL
IT7106S2,ITFA01,15,NULL,2,NULL
IT7106S3,ITFA21,15,NULL,2,NULL
IT7107S1,ITFA25,15,NULL,2,NULL
IT7107S2,ITFA04,15,NULL,2,NULL
IT7107S3,ITFA10,15,NULL,2,NULL
IT7108S1,ITFA08,15,NULL,2,NULL
IT7108S2,ITFA21,15,NULL,2,NULL
IT7109S1,ITFA01,15,NULL,2,NULL
IT7109S2,ITFA34,15,NULL,2,NULL
IT7110S1,ITFA26,15,NULL,2,NULL
IT7110S2,ITFA05,15,NULL,2,NULL
IT8101S1,ITFA25,15,NULL,2,NULL
IT8101S2,ITFA24,15,NULL,2,NULL
IT8101S3,ITFA27,15,NULL,2,NULL
IT8102S1,ITFA21,15,NULL,2,NULL
IT8102S2,ITFA38,15,NULL,2,NULL
IT8102S3,ITFA22,15,NULL,2,NULL
IT8103S1,ITFA04,15,NULL,2,NULL
IT8103S2,ITFA07,15,NULL,2,NULL
IT8103S3,ITFA34,15,NULL,2,NULL
IT8104S1,ITFA15,15,NULL,2,NULL
IT8104S2,ITFA11,15,NULL,2,NULL
IT8104S3,ITFA36,15,NULL,2,NULL
IT8105S1,ITFA38,15,NULL,2,NULL
IT8105S2,ITFA29,15,NULL,2,NULL
IT8105S3,ITFA31,15,NULL,2,NULL
IT8106S1,ITFA06,15,NULL,2,NULL
IT8106S2,ITFA15,15,NULL,2,NULL
IT8106S3,ITFA22,15,NULL,2,NULL
IT8107S1,ITFA23,15,NULL,2,NULL
IT8107S2,ITFA29,15,NULL,2,NULL
IT8107S3,ITFA02,15,NULL,2,NULL
IT8108S1,ITFA08,15,NULL,2,NULL
IT8108S2,ITFA04,15,NULL,2,NULL
IT8109S1,ITFA33,15,NULL,2,NULL
IT8109S2,ITFA36,15,NULL,2,NULL
IT8110S1,ITFA39,15,NULL,2,NULL
IT8110S2,ITFA19,15,NULL,2,NULL
EE1101S1,EEFA29,15,NULL,2,NULL
EE1101S2,EEFA24,15,NULL,2,NULL
EE1101S3,EEFA28,15,NULL,2,NULL
EE1102S1,EEFA20,15,NULL,2,NULL
EE1102S2,EEFA14,15,NULL,2,NULL
EE1102S3,EEFA33,15,NULL,2,NULL
EE1103S1,EEFA37,15,NULL,2,NULL
EE1103S2,EEFA37,15,NULL,2,NULL
EE1103S3,EEFA14,15,NULL,2,NULL
EE1104S1,EEFA34,15,NULL,2,NULL
EE1104S2,EEFA08,15,NULL,2,NULL
EE1104S3,EEFA28,15,NULL,2,NULL
EE1105S1,EEFA25,15,NULL,2,NULL
EE1105S2,EEFA34,15,NULL,2,NULL
EE1105S3,EEFA38,15,NULL,2,NULL
EE1106S1,EEFA09,15,NULL,2,NULL
EE1106S2,EEFA21,15,NULL,2,NULL
EE1106S3,EEFA07,15,NULL,2,NULL
EE1107S1,EEFA39,15,NULL,2,NULL
EE1107S2,EEFA17,15,NULL,2,NULL
EE1107S3,EEFA06,15,NULL,2,NULL
EE1108S1,EEFA40,15,NULL,2,NULL
EE1108S2,EEFA03,15,NULL,2,NULL
EE1109S1,EEFA26,15,NULL,2,NULL
EE1109S2,EEFA04,15,NULL,2,NULL
EE1110S1,EEFA19,15,NULL,2,NULL
EE1110S2,EEFA24,15,NULL,2,NULL
EE2101S1,EEFA39,15,NULL,2,NULL
EE2101S2,EEFA08,15,NULL,2,NULL
EE2101S3,EEFA22,15,NULL,2,NULL
EE2102S1,EEFA09,15,NULL,2,NULL
EE2102S2,EEFA14,15,NULL,2,NULL
EE2102S3,EEFA06,15,NULL,2,NULL
EE2103S1,EEFA16,15,NULL,2,NULL
EE2103S2,EEFA01,15,NULL,2,NULL
EE2103S3,EEFA17,15,NULL,2,NULL
EE2104S1,EEFA16,15,NULL,2,NULL
EE2104S2,EEFA31,15,NULL,2,NULL
EE2104S3,EEFA40,15,NULL,2,NULL
EE2105S1,EEFA07,15,NULL,2,NULL
EE2105S2,EEFA31,15,NULL,2,NULL
EE2105S3,EEFA31,15,NULL,2,NULL
EE2106S1,EEFA03,15,NULL,2,NULL
EE2106S2,EEFA33,15,NULL,2,NULL
EE2106S3,EEFA33,15,NULL,2,NULL
EE2107S1,EEFA33,15,NULL,2,NULL
EE2107S2,EEFA35,15,NULL,2,NULL
EE2107S3,EEFA07,15,NULL,2,NULL
EE2108S1,EEFA19,15,NULL,2,NULL
EE2108S2,EEFA12,15,NULL,2,NULL
EE2109S1,EEFA38,15,NULL,2,NULL
EE2109S2,EEFA35,15,NULL,2,NULL
EE2110S1,EEFA32,15,NULL,2,NULL
EE2110S2,EEFA21,15,NULL,2,NULL
EE3101S1,EEFA35,15,NULL,2,NULL
EE3101S2,EEFA33,15,NULL,2,NULL
EE3101S3,EEFA40,15,NULL,2,NULL
EE3102S1,EEFA01,15,NULL,2,NULL
EE3102S2,EEFA08,15,NULL,2,NULL
EE3102S3,EEFA25,15,NULL,2,NULL
EE3103S1,EEFA32,15,NULL,2,NULL
EE3103S2,EEFA19,15,NULL,2,NULL
EE3103S3,EEFA30,15,NULL,2,NULL
EE3104S1,EEFA28,15,NULL,2,NULL
EE3104S2,EEFA37,15,NULL,2,NULL
EE3104S3,EEFA10,15,NULL,2,NULL
EE3105S1,EEFA25,15,NULL,2,NULL
EE3105S2,EEFA24,15,NULL,2,NULL
EE3105S3,EEFA16,15,NULL,2,NULL
EE3106S1,EEFA04,15,NULL,2,NULL
EE3106S2,EEFA29,15,NULL,2,NULL
EE3106S3,EEFA18,15,NULL,2,NULL
EE3107S1,EEFA27,15,NULL,2,NULL
EE3107S2,EEFA07,15,NULL,2,NULL
EE3107S3,EEFA22,15,NULL,2,NULL
EE3108S1,EEFA12,15,NULL,2,NULL
EE3108S2,EEFA09,15,NULL,2,NULL
EE3109S1,EEFA10,15,NULL,2,NULL
EE3109S2,EEFA15,15,NULL,2,NULL
EE3110S1,EEFA26,15,NULL,2,NULL
EE3110S2,EEFA24,15,NULL,2,NULL
EE4101S1,EEFA20,15,NULL,2,NULL
EE4101S2,EEFA13,15,NULL,2,NULL
EE4101S3,EEFA20,15,NULL,2,NULL
EE4102S1,EEFA02,15,NULL,2,NULL
EE4102S2,EEFA14,15,NULL,2,NULL
EE4102S3,EEFA23,15,NULL,2,NULL
EE4103S1,EEFA09,15,NULL,2,NULL
EE4103S2,EEFA02,15,NULL,2,NULL
EE4103S3,EEFA07,15,NULL,2,NULL
EE4104S1,EEFA04,15,NULL,2,NULL
EE4104S2,EEFA18,15,NULL,2,NULL
EE4104S3,EEFA22,15,NULL,2,NULL
EE4105S1,EEFA26,15,NULL,2,NULL
EE4105S2,EEFA40,15,NULL,2,NULL
EE4105S3,EEFA26,15,NULL,2,NULL
EE4106S1,EEFA05,15,NULL,2,NULL
EE4106S2,EEFA02,15,NULL,2,NULL
EE4106S3,EEFA27,15,NULL,2,NULL
EE4107S1,EEFA40,15,NULL,2,NULL
EE4107S2,EEFA02,15,NULL,2,NULL
EE4107S3,EEFA20,15,NULL,2,NULL
EE4108S1,EEFA39,15,NULL,2,NULL
EE4108S2,EEFA03,15,NULL,2,NULL
EE4109S1,EEFA32,15,NULL,2,NULL
EE4109S2,EEFA13,15,NULL,2,NULL
EE4110S1,EEFA08,15,NULL,2,NULL
EE4110S2,EEFA36,15,NULL,2,NULL
EE5101S1,EEFA15,15,NULL,2,NULL
EE5101S2,EEFA08,15,NULL,2,NULL
EE5101S3,EEFA40,15,NULL,2,NULL
EE5102S1,EEFA17,15,NULL,2,NULL
EE5102S2,EEFA11,15,NULL,2,NULL
EE5102S3,EEFA22,15,NULL,2,NULL
EE5103S1,EEFA30,15,NULL,2,NULL
EE5103S2,EEFA16,15,NULL,2,NULL
EE5103S3,EEFA19,15,NULL,2,NULL
EE5104S1,EEFA27,15,NULL,2,NULL
EE5104S2,EEFA08,15,NULL,2,NULL
EE5104S3,EEFA16,15,NULL,2,NULL
EE5105S1,EEFA06,15,NULL,2,NULL
EE5105S2,EEFA28,15,NULL,2,NULL
EE5105S3,EEFA03,15,NULL,2,NULL
EE5106S1,EEFA25,15,NULL,2,NULL
EE5106S2,EEFA34,15,NULL,2,NULL
EE5106S3,EEFA29,15,NULL,2,NULL
EE5107S1,EEFA01,15,NULL,2,NULL
EE5107S2,EEFA01,15,NULL,2,NULL
EE5107S3,EEFA21,15,NULL,2,NULL
EE5108S1,EEFA28,15,NULL,2,NULL
EE5108S2,EEFA23,15,NULL,2,NULL
EE5109S1,EEFA37,15,NULL,2,NULL
EE5109S2,EEFA20,15,NULL,2,NULL
EE5110S1,EEFA14,15,NULL,2,NULL
EE5110S2,EEFA35,15,NULL,2,NULL
EE6101S1,EEFA10,15,NULL,2,NULL
EE6101S2,EEFA11,15,NULL,2,NULL
EE6101S3,EEFA12,15,NULL,2,NULL
EE6102S1,EEFA22,15,NULL,2,NULL
EE6102S2,EEFA39,15,NULL,2,NULL
EE6102S3,EEFA17,15,NULL,2,NULL
EE6103S1,EEFA18,15,NULL,2,NULL
EE6103S2,EEFA05,15,NULL,2,NULL
EE6103S3,EEFA17,15,NULL,2,NULL
EE6104S1,EEFA25,15,NULL,2,NULL
EE6104S2,EEFA15,15,NULL,2,NULL
EE6104S3,EEFA12,15,NULL,2,NULL
EE6105S1,EEFA15,15,NULL,2,NULL
EE6105S2,EEFA38,15,NULL,2,NULL
EE6105S3,EEFA30,15,NULL,2,NULL
EE6106S1,EEFA26,15,NULL,2,NULL
EE6106S2,EEFA27,15,NULL,2,NULL
EE6106S3,EEFA02,15,NULL,2,NULL
EE6107S1,EEFA05,15,NULL,2,NULL
EE6107S2,EEFA05,15,NULL,2,NULL
EE6107S3,EEFA29,15,NULL,2,NULL
EE6108S1,EEFA18,15,NULL,2,NULL
EE6108S2,EEFA04,15,NULL,2,NULL
EE6109S1,EEFA17,15,NULL,2,NULL
EE6109S2,EEFA37,15,NULL,2,NULL
EE6110S1,EEFA39,15,NULL,2,NULL
EE6110S2,EEFA16,15,NULL,2,NULL
EE7101S1,EEFA06,15,NULL,2,NULL
EE7101S2,EEFA11,15,NULL,2,NULL
EE7101S3,EEFA28,15,NULL,2,NULL
EE7102S1,EEFA34,15,NULL,2,NULL
EE7102S2,EEFA06,15,NULL,2,NULL
EE7102S3,EEFA38,15,NULL,2,NULL
EE7103S1,EEFA25,15,NULL,2,NULL
EE7103S2,EEFA13,15,NULL,2,NULL
EE7103S3,EEFA05,15,NULL,2,NULL
EE7104S1,EEFA26,15,NULL,2,NULL
EE7104S2,EEFA01,15,NULL,2,NULL
EE7104S3,EEFA13,15,NULL,2,NULL
EE7105S1,EEFA33,15,NULL,2,NULL
EE7105S2,EEFA31,15,NULL,2,NULL
EE7105S3,EEFA20,15,NULL,2,NULL
EE7106S1,EEFA03,15,NULL,2,NULL
EE7106S2,EEFA34,15,NULL,2,NULL
EE7106S3,EEFA29,15,NULL,2,NULL
EE7107S1,EEFA12,15,NULL,2,NULL
EE7107S2,EEFA31,15,NULL,2,NULL
EE7107S3,EEFA03,15,NULL,2,NULL
EE7108S1,EEFA04,15,NULL,2,NULL
EE7108S2,EEFA15,15,NULL,2,NULL
EE7109S1,EEFA21,15,NULL,2,NULL
EE7109S2,EEFA11,15,NULL,2,NULL
EE7110S1,EEFA37,15,NULL,2,NULL
EE7110S2,EEFA32,15,NULL,2,NULL
EE8101S1,EEFA30,15,NULL,2,NULL
EE8101S2,EEFA06,15,NULL,2,NULL
EE8101S3,EEFA38,15,NULL,2,NULL
EE8102S1,EEFA36,15,NULL,2,NULL
EE8102S2,EEFA10,15,NULL,2,NULL
EE8102S3,EEFA11,15,NULL,2,NULL
EE8103S1,EEFA15,15,NULL,2,NULL
EE8103S2,EEFA35,15,NULL,2,NULL
EE8103S3,EEFA19,15,NULL,2,NULL
EE8104S1,EEFA13,15,NULL,2,NULL
EE8104S2,EEFA12,15,NULL,2,NULL
EE8104S3,EEFA27,15,NULL,2,NULL
EE8105S1,EEFA31,15,NULL,2,NULL
EE8105S2,EEFA23,15,NULL,2,NULL
EE8105S3,EEFA05,15,NULL,2,NULL
EE8106S1,EEFA21,15,NULL,2,NULL
EE8106S2,EEFA32,15,NULL,2,NULL
EE8106S3,EEFA23,15,NULL,2,NULL
EE8107S1,EEFA01,15,NULL,2,NULL
EE8107S2,EEFA09,15,NULL,2,NULL
EE8107S3,EEFA36,15,NULL,2,NULL
EE8108S1,EEFA10,15,NULL,2,NULL
EE8108S2,EEFA21,15,NULL,2,NULL
EE8109S1,EEFA34,15,NULL,2,NULL
EE8109S2,EEFA07,15,NULL,2,NULL
EE8110S1,EEFA35,15,NULL,2,NULL
EE8110S2,EEFA36,15,NULL,2,NULL
BM1101S1,BMFA12,15,NULL,2,NULL
BM1101S2,BMFA16,15,NULL,2,NULL
BM1101S3,BMFA35,15,NULL,2,NULL
BM1102S1,BMFA18,15,NULL,2,NULL
BM1102S2,BMFA22,15,NULL,2,NULL
BM1102S3,BMFA29,15,NULL,2,NULL
BM1103S1,BMFA32,15,NULL,2,NULL
BM1103S2,BMFA09,15,NULL,2,NULL
BM1103S3,BMFA18,15,NULL,2,NULL
BM1104S1,BMFA04,15,NULL,2,NULL
BM1104S2,BMFA22,15,NULL,2,NULL
BM1104S3,BMFA06,15,NULL,2,NULL
BM1105S1,BMFA15,15,NULL,2,NULL
BM1105S2,BMFA27,15,NULL,2,NULL
BM1105S3,BMFA11,15,NULL,2,NULL
BM1106S1,BMFA14,15,NULL,2,NULL
BM1106S2,BMFA27,15,NULL,2,NULL
BM1106S3,BMFA05,15,NULL,2,NULL
BM1107S1,BMFA02,15,NULL,2,NULL
BM1107S2,BMFA23,15,NULL,2,NULL
BM1107S3,BMFA15,15,NULL,2,NULL
BM1108S1,BMFA12,15,NULL,2,NULL
BM1108S2,BMFA38,15,NULL,2,NULL
BM1109S1,BMFA22,15,NULL,2,NULL
BM1109S2,BMFA19,15,NULL,2,NULL
BM1110S1,BMFA09,15,NULL,2,NULL
BM1110S2,BMFA17,15,NULL,2,NULL
BM2101S1,BMFA25,15,NULL,2,NULL
BM2101S2,BMFA03,15,NULL,2,NULL
BM2101S3,BMFA19,15,NULL,2,NULL
BM2102S1,BMFA35,15,NULL,2,NULL
BM2102S2,BMFA28,15,NULL,2,NULL
BM2102S3,BMFA40,15,NULL,2,NULL
BM2103S1,BMFA17,15,NULL,2,NULL
BM2103S2,BMFA29,15,NULL,2,NULL
BM2103S3,BMFA29,15,NULL,2,NULL
BM2104S1,BMFA13,15,NULL,2,NULL
BM2104S2,BMFA07,15,NULL,2,NULL
BM2104S3,BMFA33,15,NULL,2,NULL
BM2105S1,BMFA22,15,NULL,2,NULL
BM2105S2,BMFA06,15,NULL,2,NULL
BM2105S3,BMFA20,15,NULL,2,NULL
BM2106S1,BMFA07,15,NULL,2,NULL
BM2106S2,BMFA05,15,NULL,2,NULL
BM2106S3,BMFA12,15,NULL,2,NULL
BM2107S1,BMFA04,15,NULL,2,NULL
BM2107S2,BMFA38,15,NULL,2,NULL
BM2107S3,BMFA06,15,NULL,2,NULL
BM2108S1,BMFA11,15,NULL,2,NULL
BM2108S2,BMFA23,15,NULL,2,NULL
BM2109S1,BMFA26,15,NULL,2,NULL
BM2109S2,BMFA10,15,NULL,2,NULL
BM2110S1,BMFA17,15,NULL,2,NULL
BM2110S2,BMFA07,15,NULL,2,NULL
BM3101S1,BMFA25,15,NULL,2,NULL
BM3101S2,BMFA21,15,NULL,2,NULL
BM3101S3,BMFA39,15,NULL,2,NULL
BM3102S1,BMFA01,15,NULL,2,NULL
BM3102S2,BMFA28,15,NULL,2,NULL
BM3102S3,BMFA20,15,NULL,2,NULL
BM3103S1,BMFA02,15,NULL,2,NULL
BM3103S2,BMFA28,15,NULL,2,NULL
BM3103S3,BMFA31,15,NULL,2,NULL
BM3104S1,BMFA39,15,NULL,2,NULL
BM3104S2,BMFA20,15,NULL,2,NULL
BM3104S3,BMFA06,15,NULL,2,NULL
BM3105S1,BMFA03,15,NULL,2,NULL
BM3105S2,BMFA30,15,NULL,2,NULL
BM3105S3,BMFA02,15,NULL,2,NULL
BM3106S1,BMFA27,15,NULL,2,NULL
BM3106S2,BMFA31,15,NULL,2,NULL
BM3106S3,BMFA32,15,NULL,2,NULL
BM3107S1,BMFA30,15,NULL,2,NULL
BM3107S2,BMFA21,15,NULL,2,NULL
BM3107S3,BMFA10,15,NULL,2,NULL
BM3108S1,BMFA14,15,NULL,2,NULL
BM3108S2,BMFA34,15,NULL,2,NULL
BM3109S1,BMFA12,15,NULL,2,NULL
BM3109S2,BMFA24,15,NULL,2,NULL
BM3110S1,BMFA05,15,NULL,2,NULL
BM3110S2,BMFA02,15,NULL,2,NULL
BM4101S1,BMFA27,15,NULL,2,NULL
BM4101S2,BMFA39,15,NULL,2,NULL
BM4101S3,BMFA19,15,NULL,2,NULL
BM4102S1,BMFA37,15,NULL,2,NULL
BM4102S2,BMFA24,15,NULL,2,NULL
BM4102S3,BMFA16,15,NULL,2,NULL
BM4103S1,BMFA32,15,NULL,2,NULL
BM4103S2,BMFA10,15,NULL,2,NULL
BM4103S3,BMFA10,15,NULL,2,NULL
BM4104S1,BMFA36,15,NULL,2,NULL
BM4104S2,BMFA18,15,NULL,2,NULL
BM4104S3,BMFA24,15,NULL,2,NULL
BM4105S1,BMFA38,15,NULL,2,NULL
BM4105S2,BMFA01,15,NULL,2,NULL
BM4105S3,BMFA03,15,NULL,2,NULL
BM4106S1,BMFA24,15,NULL,2,NULL
BM4106S2,BMFA24,15,NULL,2,NULL
BM4106S3,BMFA14,15,NULL,2,NULL
BM4107S1,BMFA08,15,NULL,2,NULL
BM4107S2,BMFA23,15,NULL,2,NULL
BM4107S3,BMFA35,15,NULL,2,NULL
BM4108S1,BMFA27,15,NULL,2,NULL
BM4108S2,BMFA13,15,NULL,2,NULL
BM4109S1,BMFA31,15,NULL,2,NULL
BM4109S2,BMFA14,15,NULL,2,NULL
BM4110S1,BMFA04,15,NULL,2,NULL
BM4110S2,BMFA26,15,NULL,2,NULL
BM5101S1,BMFA15,15,NULL,2,NULL
BM5101S2,BMFA13,15,NULL,2,NULL
BM5101S3,BMFA37,15,NULL,2,NULL
BM5102S1,BMFA02,15,NULL,2,NULL
BM5102S2,BMFA16,15,NULL,2,NULL
BM5102S3,BMFA11,15,NULL,2,NULL
BM5103S1,BMFA13,15,NULL,2,NULL
BM5103S2,BMFA20,15,NULL,2,NULL
BM5103S3,BMFA01,15,NULL,2,NULL
BM5104S1,BMFA40,15,NULL,2,NULL
BM5104S2,BMFA19,15,NULL,2,NULL
BM5104S3,BMFA19,15,NULL,2,NULL
BM5105S1,BMFA34,15,NULL,2,NULL
BM5105S2,BMFA17,15,NULL,2,NULL
BM5105S3,BMFA25,15,NULL,2,NULL
BM5106S1,BMFA18,15,NULL,2,NULL
BM5106S2,BMFA32,15,NULL,2,NULL
BM5106S3,BMFA15,15,NULL,2,NULL
BM5107S1,BMFA25,15,NULL,2,NULL
BM5107S2,BMFA09,15,NULL,2,NULL
BM5107S3,BMFA34,15,NULL,2,NULL
BM5108S1,BMFA38,15,NULL,2,NULL
BM5108S2,BMFA33,15,NULL,2,NULL
BM5109S1,BMFA15,15,NULL,2,NULL
BM5109S2,BMFA30,15,NULL,2,NULL
BM5110S1,BMFA01,15,NULL,2,NULL
BM5110S2,BMFA12,15,NULL,2,NULL
BM6101S1,BMFA26,15,NULL,2,NULL
BM6101S2,BMFA30,15,NULL,2,NULL
BM6101S3,BMFA18,15,NULL,2,NULL
BM6102S1,BMFA10,15,NULL,2,NULL
BM6102S2,BMFA35,15,NULL,2,NULL
BM6102S3,BMFA39,15,NULL,2,NULL
BM6103S1,BMFA15,15,NULL,2,NULL
BM6103S2,BMFA08,15,NULL,2,NULL
BM6103S3,BMFA28,15,NULL,2,NULL
BM6104S1,BMFA28,15,NULL,2,NULL
BM6104S2,BMFA36,15,NULL,2,NULL
BM6104S3,BMFA30,15,NULL,2,NULL
BM6105S1,BMFA16,15,NULL,2,NULL
BM6105S2,BMFA05,15,NULL,2,NULL
BM6105S3,BMFA11,15,NULL,2,NULL
BM6106S1,BMFA02,15,NULL,2,NULL
BM6106S2,BMFA20,15,NULL,2,NULL
BM6106S3,BMFA09,15,NULL,2,NULL
BM6107S1,BMFA35,15,NULL,2,NULL
BM6107S2,BMFA03,15,NULL,2,NULL
BM6107S3,BMFA11,15,NULL,2,NULL
BM6108S1,BMFA36,15,NULL,2,NULL
BM6108S2,BMFA11,15,NULL,2,NULL
BM6109S1,BMFA03,15,NULL,2,NULL
BM6109S2,BMFA23,15,NULL,2,NULL
BM6110S1,BMFA33,15,NULL,2,NULL
BM6110S2,BMFA37,15,NULL,2,NULL
BM7101S1,BMFA29,15,NULL,2,NULL
BM7101S2,BMFA19,15,NULL,2,NULL
BM7101S3,BMFA14,15,NULL,2,NULL
BM7102S1,BMFA25,15,NULL,2,NULL
BM7102S2,BMFA01,15,NULL,2,NULL
BM7102S3,BMFA39,15,NULL,2,NULL
BM7103S1,BMFA26,15,NULL,2,NULL
BM7103S2,BMFA31,15,NULL,2,NULL
BM7103S3,BMFA07,15,NULL,2,NULL
BM7104S1,BMFA08,15,NULL,2,NULL
BM7104S2,BMFA35,15,NULL,2,NULL
BM7104S3,BMFA08,15,NULL,2,NULL
BM7105S1,BMFA38,15,NULL,2,NULL
BM7105S2,BMFA01,15,NULL,2,NULL
BM7105S3,BMFA24,15,NULL,2,NULL
BM7106S1,BMFA04,15,NULL,2,NULL
BM7106S2,BMFA16,15,NULL,2,NULL
BM7106S3,BMFA07,15,NULL,2,NULL
BM7107S1,BMFA34,15,NULL,2,NULL
BM7107S2,BMFA26,15,NULL,2,NULL
BM7107S3,BMFA39,15,NULL,2,NULL
BM7108S1,BMFA25,15,NULL,2,NULL
BM7108S2,BMFA37,15,NULL,2,NULL
BM7109S1,BMFA22,15,NULL,2,NULL
BM7109S2,BMFA21,15,NULL,2,NULL
BM7110S1,BMFA29,15,NULL,2,NULL
BM7110S2,BMFA32,15,NULL,2,NULL
BM8101S1,BMFA20,15,NULL,2,NULL
BM8101S2,BMFA08,15,NULL,2,NULL
BM8101S3,BMFA37,15,NULL,2,NULL
BM8102S1,BMFA21,15,NULL,2,NULL
BM8102S2,BMFA33,15,NULL,2,NULL
BM8102S3,BMFA16,15,NULL,2,NULL
BM8103S1,BMFA29,15,NULL,2,NULL
BM8103S2,BMFA06,15,NULL,2,NULL
BM8103S3,BMFA13,15,NULL,2,NULL
BM8104S1,BMFA38,15,NULL,2,NULL
BM8104S2,BMFA09,15,NULL,2,NULL
BM8104S3,BMFA40,15,NULL,2,NULL
BM8105S1,BMFA05,15,NULL,2,NULL
BM8105S2,BMFA10,15,NULL,2,NULL
BM8105S3,BMFA05,15,NULL,2,NULL
BM8106S1,BMFA36,15,NULL,2,NULL
BM8106S2,BMFA04,15,NULL,2,NULL
BM8106S3,BMFA22,15,NULL,2,NULL
BM8107S1,BMFA32,15,NULL,2,NULL
BM8107S2,BMFA40,15,NULL,2,NULL
BM8107S3,BMFA31,15,NULL,2,NULL
BM8108S1,BMFA13,15,NULL,2,NULL
BM8108S2,BMFA08,15,NULL,2,NULL
BM8109S1,BMFA33,15,NULL,2,NULL
BM8109S2,BMFA36,15,NULL,2,NULL
BM8110S1,BMFA17,15,NULL,2,NULL
BM8110S2,BMFA21,15,NULL,2,NULL
CV1101S1,CVFA12,15,NULL,2,NULL
CV1101S2,CVFA30,15,NULL,2,NULL
CV1101S3,CVFA31,15,NULL,2,NULL
CV1102S1,CVFA23,15,NULL,2,NULL
CV1102S2,CVFA13,15,NULL,2,NULL
CV1102S3,CVFA06,15,NULL,2,NULL
CV1103S1,CVFA15,15,NULL,2,NULL
CV1103S2,CVFA34,15,NULL,2,NULL
CV1103S3,CVFA04,15,NULL,2,NULL
CV1104S1,CVFA25,15,NULL,2,NULL
CV1104S2,CVFA31,15,NULL,2,NULL
CV1104S3,CVFA09,15,NULL,2,NULL
CV1105S1,CVFA27,15,NULL,2,NULL
CV1105S2,CVFA18,15,NULL,2,NULL
CV1105S3,CVFA28,15,NULL,2,NULL
CV1106S1,CVFA29,15,NULL,2,NULL
CV1106S2,CVFA18,15,NULL,2,NULL
CV1106S3,CVFA03,15,NULL,2,NULL
CV1107S1,CVFA13,15,NULL,2,NULL
CV1107S2,CVFA27,15,NULL,2,NULL
CV1107S3,CVFA15,15,NULL,2,NULL
CV1108S1,CVFA10,15,NULL,2,NULL
CV1108S2,CVFA22,15,NULL,2,NULL
CV1109S1,CVFA38,15,NULL,2,NULL
CV1109S2,CVFA12,15,NULL,2,NULL
CV1110S1,CVFA08,15,NULL,2,NULL
CV1110S2,CVFA06,15,NULL,2,NULL
CV2101S1,CVFA20,15,NULL,2,NULL
CV2101S2,CVFA11,15,NULL,2,NULL
CV2101S3,CVFA19,15,NULL,2,NULL
CV2102S1,CVFA23,15,NULL,2,NULL
CV2102S2,CVFA17,15,NULL,2,NULL
CV2102S3,CVFA05,15,NULL,2,NULL
CV2103S1,CVFA21,15,NULL,2,NULL
CV2103S2,CVFA02,15,NULL,2,NULL
CV2103S3,CVFA32,15,NULL,2,NULL
CV2104S1,CVFA40,15,NULL,2,NULL
CV2104S2,CVFA10,15,NULL,2,NULL
CV2104S3,CVFA35,15,NULL,2,NULL
CV2105S1,CVFA34,15,NULL,2,NULL
CV2105S2,CVFA32,15,NULL,2,NULL
CV2105S3,CVFA03,15,NULL,2,NULL
CV2106S1,CVFA30,15,NULL,2,NULL
CV2106S2,CVFA11,15,NULL,2,NULL
CV2106S3,CVFA01,15,NULL,2,NULL
CV2107S1,CVFA24,15,NULL,2,NULL
CV2107S2,CVFA38,15,NULL,2,NULL
CV2107S3,CVFA13,15,NULL,2,NULL
CV2108S1,CVFA12,15,NULL,2,NULL
CV2108S2,CVFA18,15,NULL,2,NULL
CV2109S1,CVFA03,15,NULL,2,NULL
CV2109S2,CVFA17,15,NULL,2,NULL
CV2110S1,CVFA31,15,NULL,2,NULL
CV2110S2,CVFA23,15,NULL,2,NULL
CV3101S1,CVFA12,15,NULL,2,NULL
CV3101S2,CVFA27,15,NULL,2,NULL
CV3101S3,CVFA21,15,NULL,2,NULL
CV3102S1,CVFA10,15,NULL,2,NULL
CV3102S2,CVFA34,15,NULL,2,NULL
CV3102S3,CVFA14,15,NULL,2,NULL
CV3103S1,CVFA40,15,NULL,2,NULL
CV3103S2,CVFA36,15,NULL,2,NULL
CV3103S3,CVFA40,15,NULL,2,NULL
CV3104S1,CVFA40,15,NULL,2,NULL
CV3104S2,CVFA26,15,NULL,2,NULL
CV3104S3,CVFA09,15,NULL,2,NULL
CV3105S1,CVFA09,15,NULL,2,NULL
CV3105S2,CVFA26,15,NULL,2,NULL
CV3105S3,CVFA20,15,NULL,2,NULL
CV3106S1,CVFA03,15,NULL,2,NULL
CV3106S2,CVFA28,15,NULL,2,NULL
CV3106S3,CVFA04,15,NULL,2,NULL
CV3107S1,CVFA32,15,NULL,2,NULL
CV3107S2,CVFA13,15,NULL,2,NULL
CV3107S3,CVFA10,15,NULL,2,NULL
CV3108S1,CVFA11,15,NULL,2,NULL
CV3108S2,CVFA11,15,NULL,2,NULL
CV3109S1,CVFA20,15,NULL,2,NULL
CV3109S2,CVFA01,15,NULL,2,NULL
CV3110S1,CVFA09,15,NULL,2,NULL
CV3110S2,CVFA15,15,NULL,2,NULL
CV4101S1,CVFA30,15,NULL,2,NULL
CV4101S2,CVFA01,15,NULL,2,NULL
CV4101S3,CVFA35,15,NULL,2,NULL
CV4102S1,CVFA07,15,NULL,2,NULL
CV4102S2,CVFA08,15,NULL,2,NULL
CV4102S3,CVFA25,15,NULL,2,NULL
CV4103S1,CVFA02,15,NULL,2,NULL
CV4103S2,CVFA20,15,NULL,2,NULL
CV4103S3,CVFA30,15,NULL,2,NULL
CV4104S1,CVFA38,15,NULL,2,NULL
CV4104S2,CVFA14,15,NULL,2,NULL
CV4104S3,CVFA32,15,NULL,2,NULL
CV4105S1,CVFA27,15,NULL,2,NULL
CV4105S2,CVFA17,15,NULL,2,NULL
CV4105S3,CVFA23,15,NULL,2,NULL
CV4106S1,CVFA14,15,NULL,2,NULL
CV4106S2,CVFA30,15,NULL,2,NULL
CV4106S3,CVFA26,15,NULL,2,NULL
CV4107S1,CVFA31,15,NULL,2,NULL
CV4107S2,CVFA10,15,NULL,2,NULL
CV4107S3,CVFA21,15,NULL,2,NULL
CV4108S1,CVFA08,15,NULL,2,NULL
CV4108S2,CVFA14,15,NULL,2,NULL
CV4109S1,CVFA39,15,NULL,2,NULL
CV4109S2,CVFA38,15,NULL,2,NULL
CV4110S1,CVFA11,15,NULL,2,NULL
CV4110S2,CVFA02,15,NULL,2,NULL
CV5101S1,CVFA31,15,NULL,2,NULL
CV5101S2,CVFA12,15,NULL,2,NULL
CV5101S3,CVFA38,15,NULL,2,NULL
CV5102S1,CVFA21,15,NULL,2,NULL
CV5102S2,CVFA18,15,NULL,2,NULL
CV5102S3,CVFA15,15,NULL,2,NULL
CV5103S1,CVFA05,15,NULL,2,NULL
CV5103S2,CVFA39,15,NULL,2,NULL
CV5103S3,CVFA08,15,NULL,2,NULL
CV5104S1,CVFA39,15,NULL,2,NULL
CV5104S2,CVFA25,15,NULL,2,NULL
CV5104S3,CVFA29,15,NULL,2,NULL
CV5105S1,CVFA36,15,NULL,2,NULL
CV5105S2,CVFA32,15,NULL,2,NULL
CV5105S3,CVFA30,15,NULL,2,NULL
CV5106S1,CVFA40,15,NULL,2,NULL
CV5106S2,CVFA22,15,NULL,2,NULL
CV5106S3,CVFA16,15,NULL,2,NULL
CV5107S1,CVFA40,15,NULL,2,NULL
CV5107S2,CVFA17,15,NULL,2,NULL
CV5107S3,CVFA33,15,NULL,2,NULL
CV5108S1,CVFA16,15,NULL,2,NULL
CV5108S2,CVFA37,15,NULL,2,NULL
CV5109S1,CVFA17,15,NULL,2,NULL
CV5109S2,CVFA20,15,NULL,2,NULL
CV5110S1,CVFA27,15,NULL,2,NULL
CV5110S2,CVFA31,15,NULL,2,NULL
CV6101S1,CVFA23,15,NULL,2,NULL
CV6101S2,CVFA36,15,NULL,2,NULL
CV6101S3,CVFA17,15,NULL,2,NULL
CV6102S1,CVFA18,15,NULL,2,NULL
CV6102S2,CVFA16,15,NULL,2,NULL
CV6102S3,CVFA09,15,NULL,2,NULL
CV6103S1,CVFA28,15,NULL,2,NULL
CV6103S2,CVFA25,15,NULL,2,NULL
CV6103S3,CVFA14,15,NULL,2,NULL
CV6104S1,CVFA19,15,NULL,2,NULL
CV6104S2,CVFA02,15,NULL,2,NULL
CV6104S3,CVFA01,15,NULL,2,NULL
CV6105S1,CVFA28,15,NULL,2,NULL
CV6105S2,CVFA35,15,NULL,2,NULL
CV6105S3,CVFA06,15,NULL,2,NULL
CV6106S1,CVFA19,15,NULL,2,NULL
CV6106S2,CVFA26,15,NULL,2,NULL
CV6106S3,CVFA33,15,NULL,2,NULL
CV6107S1,CVFA09,15,NULL,2,NULL
CV6107S2,CVFA04,15,NULL,2,NULL
CV6107S3,CVFA04,15,NULL,2,NULL
CV6108S1,CVFA22,15,NULL,2,NULL
CV6108S2,CVFA22,15,NULL,2,NULL
CV6109S1,CVFA37,15,NULL,2,NULL
CV6109S2,CVFA03,15,NULL,2,NULL
CV6110S1,CVFA04,15,NULL,2,NULL
CV6110S2,CVFA35,15,NULL,2,NULL
CV7101S1,CVFA05,15,NULL,2,NULL
CV7101S2,CVFA24,15,NULL,2,NULL
CV7101S3,CVFA08,15,NULL,2,NULL
CV7102S1,CVFA06,15,NULL,2,NULL
CV7102S2,CVFA01,15,NULL,2,NULL
CV7102S3,CVFA16,15,NULL,2,NULL
CV7103S1,CVFA24,15,NULL,2,NULL
CV7103S2,CVFA25,15,NULL,2,NULL
CV7103S3,CVFA15,15,NULL,2,NULL
CV7104S1,CVFA29,15,NULL,2,NULL
CV7104S2,CVFA37,15,NULL,2,NULL
CV7104S3,CVFA08,15,NULL,2,NULL
CV7105S1,CVFA12,15,NULL,2,NULL
CV7105S2,CVFA14,15,NULL,2,NULL
CV7105S3,CVFA07,15,NULL,2,NULL
CV7106S1,CVFA35,15,NULL,2,NULL
CV7106S2,CVFA24,15,NULL,2,NULL
CV7106S3,CVFA20,15,NULL,2,NULL
CV7107S1,CVFA19,15,NULL,2,NULL
CV7107S2,CVFA19,15,NULL,2,NULL
CV7107S3,CVFA36,15,NULL,2,NULL
CV7108S1,CVFA24,15,NULL,2,NULL
CV7108S2,CVFA33,15,NULL,2,NULL
CV7109S1,CVFA06,15,NULL,2,NULL
CV7109S2,CVFA10,15,NULL,2,NULL
CV7110S1,CVFA07,15,NULL,2,NULL
CV7110S2,CVFA39,15,NULL,2,NULL
CV8101S1,CVFA07,15,NULL,2,NULL
CV8101S2,CVFA18,15,NULL,2,NULL
CV8101S3,CVFA34,15,NULL,2,NULL
CV8102S1,CVFA07,15,NULL,2,NULL
CV8102S2,CVFA05,15,NULL,2,NULL
CV8102S3,CVFA33,15,NULL,2,NULL
CV8103S1,CVFA16,15,NULL,2,NULL
CV8103S2,CVFA19,15,NULL,2,NULL
CV8103S3,CVFA05,15,NULL,2,NULL
CV8104S1,CVFA24,15,NULL,2,NULL
CV8104S2,CVFA22,15,NULL,2,NULL
CV8104S3,CVFA22,15,NULL,2,NULL
CV8105S1,CVFA32,15,NULL,2,NULL
CV8105S2,CVFA07,15,NULL,2,NULL
CV8105S3,CVFA37,15,NULL,2,NULL
CV8106S1,CVFA25,15,NULL,2,NULL
CV8106S2,CVFA27,15,NULL,2,NULL
CV8106S3,CVFA06,15,NULL,2,NULL
CV8107S1,CVFA39,15,NULL,2,NULL
CV8107S2,CVFA02,15,NULL,2,NULL
CV8107S3,CVFA15,15,NULL,2,NULL
CV8108S1,CVFA38,15,NULL,2,NULL
CV8108S2,CVFA13,15,NULL,2,NULL
CV8109S1,CVFA21,15,NULL,2,NULL
CV8109S2,CVFA21,15,NULL,2,NULL
CV8110S1,CVFA29,15,NULL,2,NULL
CV8110S2,CVFA36,15,NULL,2,NULL
ME1101S1,MEFA25,15,NULL,2,NULL
ME1101S2,MEFA14,15,NULL,2,NULL
ME1101S3,MEFA34,15,NULL,2,NULL
ME1102S1,MEFA37,15,NULL,2,NULL
ME1102S2,MEFA05,15,NULL,2,NULL
ME1102S3,MEFA24,15,NULL,2,NULL
ME1103S1,MEFA14,15,NULL,2,NULL
ME1103S2,MEFA37,15,NULL,2,NULL
ME1103S3,MEFA23,15,NULL,2,NULL
ME1104S1,MEFA32,15,NULL,2,NULL
ME1104S2,MEFA10,15,NULL,2,NULL
ME1104S3,MEFA36,15,NULL,2,NULL
ME1105S1,MEFA08,15,NULL,2,NULL
ME1105S2,MEFA27,15,NULL,2,NULL
ME1105S3,MEFA05,15,NULL,2,NULL
ME1106S1,MEFA22,15,NULL,2,NULL
ME1106S2,MEFA22,15,NULL,2,NULL
ME1106S3,MEFA21,15,NULL,2,NULL
ME1107S1,MEFA38,15,NULL,2,NULL
ME1107S2,MEFA17,15,NULL,2,NULL
ME1107S3,MEFA01,15,NULL,2,NULL
ME1108S1,MEFA17,15,NULL,2,NULL
ME1108S2,MEFA23,15,NULL,2,NULL
ME1109S1,MEFA04,15,NULL,2,NULL
ME1109S2,MEFA29,15,NULL,2,NULL
ME1110S1,MEFA36,15,NULL,2,NULL
ME1110S2,MEFA25,15,NULL,2,NULL
ME2101S1,MEFA23,15,NULL,2,NULL
ME2101S2,MEFA28,15,NULL,2,NULL
ME2101S3,MEFA04,15,NULL,2,NULL
ME2102S1,MEFA20,15,NULL,2,NULL
ME2102S2,MEFA38,15,NULL,2,NULL
ME2102S3,MEFA21,15,NULL,2,NULL
ME2103S1,MEFA35,15,NULL,2,NULL
ME2103S2,MEFA01,15,NULL,2,NULL
ME2103S3,MEFA19,15,NULL,2,NULL
ME2104S1,MEFA22,15,NULL,2,NULL
ME2104S2,MEFA38,15,NULL,2,NULL
ME2104S3,MEFA15,15,NULL,2,NULL
ME2105S1,MEFA06,15,NULL,2,NULL
ME2105S2,MEFA10,15,NULL,2,NULL
ME2105S3,MEFA26,15,NULL,2,NULL
ME2106S1,MEFA39,15,NULL,2,NULL
ME2106S2,MEFA04,15,NULL,2,NULL
ME2106S3,MEFA07,15,NULL,2,NULL
ME2107S1,MEFA33,15,NULL,2,NULL
ME2107S2,MEFA39,15,NULL,2,NULL
ME2107S3,MEFA31,15,NULL,2,NULL
ME2108S1,MEFA19,15,NULL,2,NULL
ME2108S2,MEFA37,15,NULL,2,NULL
ME2109S1,MEFA16,15,NULL,2,NULL
ME2109S2,MEFA15,15,NULL,2,NULL
ME2110S1,MEFA13,15,NULL,2,NULL
ME2110S2,MEFA04,15,NULL,2,NULL
ME3101S1,MEFA24,15,NULL,2,NULL
ME3101S2,MEFA02,15,NULL,2,NULL
ME3101S3,MEFA36,15,NULL,2,NULL
ME3102S1,MEFA08,15,NULL,2,NULL
ME3102S2,MEFA08,15,NULL,2,NULL
ME3102S3,MEFA19,15,NULL,2,NULL
ME3103S1,MEFA25,15,NULL,2,NULL
ME3103S2,MEFA34,15,NULL,2,NULL
ME3103S3,MEFA35,15,NULL,2,NULL
ME3104S1,MEFA19,15,NULL,2,NULL
ME3104S2,MEFA23,15,NULL,2,NULL
ME3104S3,MEFA12,15,NULL,2,NULL
ME3105S1,MEFA11,15,NULL,2,NULL
ME3105S2,MEFA08,15,NULL,2,NULL
ME3105S3,MEFA20,15,NULL,2,NULL
ME3106S1,MEFA03,15,NULL,2,NULL
ME3106S2,MEFA06,15,NULL,2,NULL
ME3106S3,MEFA28,15,NULL,2,NULL
ME3107S1,MEFA32,15,NULL,2,NULL
ME3107S2,MEFA31,15,NULL,2,NULL
ME3107S3,MEFA21,15,NULL,2,NULL
ME3108S1,MEFA33,15,NULL,2,NULL
ME3108S2,MEFA30,15,NULL,2,NULL
ME3109S1,MEFA29,15,NULL,2,NULL
ME3109S2,MEFA09,15,NULL,2,NULL
ME3110S1,MEFA29,15,NULL,2,NULL
ME3110S2,MEFA07,15,NULL,2,NULL
ME4101S1,MEFA07,15,NULL,2,NULL
ME4101S2,MEFA30,15,NULL,2,NULL
ME4101S3,MEFA28,15,NULL,2,NULL
ME4102S1,MEFA31,15,NULL,2,NULL
ME4102S2,MEFA16,15,NULL,2,NULL
ME4102S3,MEFA28,15,NULL,2,NULL
ME4103S1,MEFA12,15,NULL,2,NULL
ME4103S2,MEFA34,15,NULL,2,NULL
ME4103S3,MEFA05,15,NULL,2,NULL
ME4104S1,MEFA27,15,NULL,2,NULL
ME4104S2,MEFA39,15,NULL,2,NULL
ME4104S3,MEFA11,15,NULL,2,NULL
ME4105S1,MEFA09,15,NULL,2,NULL
ME4105S2,MEFA09,15,NULL,2,NULL
ME4105S3,MEFA02,15,NULL,2,NULL
ME4106S1,MEFA03,15,NULL,2,NULL
ME4106S2,MEFA34,15,NULL,2,NULL
ME4106S3,MEFA05,15,NULL,2,NULL
ME4107S1,MEFA03,15,NULL,2,NULL
ME4107S2,MEFA30,15,NULL,2,NULL
ME4107S3,MEFA26,15,NULL,2,NULL
ME4108S1,MEFA17,15,NULL,2,NULL
ME4108S2,MEFA26,15,NULL,2,NULL
ME4109S1,MEFA15,15,NULL,2,NULL
ME4109S2,MEFA12,15,NULL,2,NULL
ME4110S1,MEFA29,15,NULL,2,NULL
ME4110S2,MEFA15,15,NULL,2,NULL
ME5101S1,MEFA35,15,NULL,2,NULL
ME5101S2,MEFA22,15,NULL,2,NULL
ME5101S3,MEFA10,15,NULL,2,NULL
ME5102S1,MEFA37,15,NULL,2,NULL
ME5102S2,MEFA03,15,NULL,2,NULL
ME5102S3,MEFA14,15,NULL,2,NULL
ME5103S1,MEFA20,15,NULL,2,NULL
ME5103S2,MEFA16,15,NULL,2,NULL
ME5103S3,MEFA24,15,NULL,2,NULL
ME5104S1,MEFA27,15,NULL,2,NULL
ME5104S2,MEFA06,15,NULL,2,NULL
ME5104S3,MEFA06,15,NULL,2,NULL
ME5105S1,MEFA02,15,NULL,2,NULL
ME5105S2,MEFA27,15,NULL,2,NULL
ME5105S3,MEFA36,15,NULL,2,NULL
ME5106S1,MEFA37,15,NULL,2,NULL
ME5106S2,MEFA11,15,NULL,2,NULL
ME5106S3,MEFA40,15,NULL,2,NULL
ME5107S1,MEFA22,15,NULL,2,NULL
ME5107S2,MEFA01,15,NULL,2,NULL
ME5107S3,MEFA18,15,NULL,2,NULL
ME5108S1,MEFA39,15,NULL,2,NULL
ME5108S2,MEFA18,15,NULL,2,NULL
ME5109S1,MEFA10,15,NULL,2,NULL
ME5109S2,MEFA19,15,NULL,2,NULL
ME5110S1,MEFA14,15,NULL,2,NULL
ME5110S2,MEFA20,15,NULL,2,NULL
ME6101S1,MEFA11,15,NULL,2,NULL
ME6101S2,MEFA37,15,NULL,2,NULL
ME6101S3,MEFA40,15,NULL,2,NULL
ME6102S1,MEFA33,15,NULL,2,NULL
ME6102S2,MEFA25,15,NULL,2,NULL
ME6102S3,MEFA20,15,NULL,2,NULL
ME6103S1,MEFA18,15,NULL,2,NULL
ME6103S2,MEFA39,15,NULL,2,NULL
ME6103S3,MEFA35,15,NULL,2,NULL
ME6104S1,MEFA23,15,NULL,2,NULL
ME6104S2,MEFA18,15,NULL,2,NULL
ME6104S3,MEFA07,15,NULL,2,NULL
ME6105S1,MEFA40,15,NULL,2,NULL
ME6105S2,MEFA31,15,NULL,2,NULL
ME6105S3,MEFA32,15,NULL,2,NULL
ME6106S1,MEFA08,15,NULL,2,NULL
ME6106S2,MEFA12,15,NULL,2,NULL
ME6106S3,MEFA10,15,NULL,2,NULL
ME6107S1,MEFA36,15,NULL,2,NULL
ME6107S2,MEFA29,15,NULL,2,NULL
ME6107S3,MEFA23,15,NULL,2,NULL
ME6108S1,MEFA30,15,NULL,2,NULL
ME6108S2,MEFA05,15,NULL,2,NULL
ME6109S1,MEFA12,15,NULL,2,NULL
ME6109S2,MEFA31,15,NULL,2,NULL
ME6110S1,MEFA26,15,NULL,2,NULL
ME6110S2,MEFA01,15,NULL,2,NULL
ME7101S1,MEFA01,15,NULL,2,NULL
ME7101S2,MEFA07,15,NULL,2,NULL
ME7101S3,MEFA10,15,NULL,2,NULL
ME7102S1,MEFA20,15,NULL,2,NULL
ME7102S2,MEFA03,15,NULL,2,NULL
ME7102S3,MEFA12,15,NULL,2,NULL
ME7103S1,MEFA13,15,NULL,2,NULL
ME7103S2,MEFA06,15,NULL,2,NULL
ME7103S3,MEFA17,15,NULL,2,NULL
ME7104S1,MEFA13,15,NULL,2,NULL
ME7104S2,MEFA21,15,NULL,2,NULL
ME7104S3,MEFA40,15,NULL,2,NULL
ME7105S1,MEFA02,15,NULL,2,NULL
ME7105S2,MEFA34,15,NULL,2,NULL
ME7105S3,MEFA27,15,NULL,2,NULL
ME7106S1,MEFA18,15,NULL,2,NULL
ME7106S2,MEFA38,15,NULL,2,NULL
ME7106S3,MEFA35,15,NULL,2,NULL
ME7107S1,MEFA21,15,NULL,2,NULL
ME7107S2,MEFA31,15,NULL,2,NULL
ME7107S3,MEFA09,15,NULL,2,NULL
ME7108S1,MEFA25,15,NULL,2,NULL
ME7108S2,MEFA25,15,NULL,2,NULL
ME7109S1,MEFA33,15,NULL,2,NULL
ME7109S2,MEFA04,15,NULL,2,NULL
ME7110S1,MEFA05,15,NULL,2,NULL
ME7110S2,MEFA28,15,NULL,2,NULL
ME8101S1,MEFA03,15,NULL,2,NULL
ME8101S2,MEFA26,15,NULL,2,NULL
ME8101S3,MEFA38,15,NULL,2,NULL
ME8102S1,MEFA33,15,NULL,2,NULL
ME8102S2,MEFA06,15,NULL,2,NULL
ME8102S3,MEFA32,15,NULL,2,NULL
ME8103S1,MEFA36,15,NULL,2,NULL
ME8103S2,MEFA33,15,NULL,2,NULL
ME8103S3,MEFA16,15,NULL,2,NULL
ME8104S1,MEFA07,15,NULL,2,NULL
ME8104S2,MEFA17,15,NULL,2,NULL
ME8104S3,MEFA09,15,NULL,2,NULL
ME8105S1,MEFA24,15,NULL,2,NULL
ME8105S2,MEFA15,15,NULL,2,NULL
ME8105S3,MEFA13,15,NULL,2,NULL
ME8106S1,MEFA32,15,NULL,2,NULL
ME8106S2,MEFA16,15,NULL,2,NULL
ME8106S3,MEFA40,15,NULL,2,NULL
ME8107S1,MEFA11,15,NULL,2,NULL
ME8107S2,MEFA02,15,NULL,2,NULL
ME8107S3,MEFA30,15,NULL,2,NULL
ME8108S1,MEFA13,15,NULL,2,NULL
ME8108S2,MEFA08,15,NULL,2,NULL
ME8109S1,MEFA13,15,NULL,2,NULL
ME8109S2,MEFA40,15,NULL,2,NULL
ME8110S1,MEFA26,15,NULL,2,NULL
ME8110S2,MEFA34,15,NULL,2,NULL
CM1101S1,CMFA26,15,NULL,2,NULL
CM1101S2,CMFA09,15,NULL,2,NULL
CM1101S3,CMFA03,15,NULL,2,NULL
CM1102S1,CMFA13,15,NULL,2,NULL
CM1102S2,CMFA01,15,NULL,2,NULL
CM1102S3,CMFA21,15,NULL,2,NULL
CM1103S1,CMFA21,15,NULL,2,NULL
CM1103S2,CMFA36,15,NULL,2,NULL
CM1103S3,CMFA08,15,NULL,2,NULL
CM1104S1,CMFA35,15,NULL,2,NULL
CM1104S2,CMFA11,15,NULL,2,NULL
CM1104S3,CMFA22,15,NULL,2,NULL
CM1105S1,CMFA10,15,NULL,2,NULL
CM1105S2,CMFA35,15,NULL,2,NULL
CM1105S3,CMFA14,15,NULL,2,NULL
CM1106S1,CMFA11,15,NULL,2,NULL
CM1106S2,CMFA12,15,NULL,2,NULL
CM1106S3,CMFA27,15,NULL,2,NULL
CM1107S1,CMFA29,15,NULL,2,NULL
CM1107S2,CMFA12,15,NULL,2,NULL
CM1107S3,CMFA40,15,NULL,2,NULL
CM1108S1,CMFA06,15,NULL,2,NULL
CM1108S2,CMFA18,15,NULL,2,NULL
CM1109S1,CMFA21,15,NULL,2,NULL
CM1109S2,CMFA34,15,NULL,2,NULL
CM1110S1,CMFA25,15,NULL,2,NULL
CM1110S2,CMFA21,15,NULL,2,NULL
CM2101S1,CMFA27,15,NULL,2,NULL
CM2101S2,CMFA24,15,NULL,2,NULL
CM2101S3,CMFA16,15,NULL,2,NULL
CM2102S1,CMFA26,15,NULL,2,NULL
CM2102S2,CMFA07,15,NULL,2,NULL
CM2102S3,CMFA17,15,NULL,2,NULL
CM2103S1,CMFA29,15,NULL,2,NULL
CM2103S2,CMFA28,15,NULL,2,NULL
CM2103S3,CMFA15,15,NULL,2,NULL
CM2104S1,CMFA39,15,NULL,2,NULL
CM2104S2,CMFA19,15,NULL,2,NULL
CM2104S3,CMFA24,15,NULL,2,NULL
CM2105S1,CMFA25,15,NULL,2,NULL
CM2105S2,CMFA13,15,NULL,2,NULL
CM2105S3,CMFA38,15,NULL,2,NULL
CM2106S1,CMFA38,15,NULL,2,NULL
CM2106S2,CMFA05,15,NULL,2,NULL
CM2106S3,CMFA02,15,NULL,2,NULL
CM2107S1,CMFA20,15,NULL,2,NULL
CM2107S2,CMFA30,15,NULL,2,NULL
CM2107S3,CMFA40,15,NULL,2,NULL
CM2108S1,CMFA36,15,NULL,2,NULL
CM2108S2,CMFA03,15,NULL,2,NULL
CM2109S1,CMFA02,15,NULL,2,NULL
CM2109S2,CMFA07,15,NULL,2,NULL
CM2110S1,CMFA11,15,NULL,2,NULL
CM2110S2,CMFA06,15,NULL,2,NULL
CM3101S1,CMFA37,15,NULL,2,NULL
CM3101S2,CMFA32,15,NULL,2,NULL
CM3101S3,CMFA38,15,NULL,2,NULL
CM3102S1,CMFA33,15,NULL,2,NULL
CM3102S2,CMFA40,15,NULL,2,NULL
CM3102S3,CMFA17,15,NULL,2,NULL
CM3103S1,CMFA24,15,NULL,2,NULL
CM3103S2,CMFA06,15,NULL,2,NULL
CM3103S3,CMFA30,15,NULL,2,NULL
CM3104S1,CMFA34,15,NULL,2,NULL
CM3104S2,CMFA28,15,NULL,2,NULL
CM3104S3,CMFA25,15,NULL,2,NULL
CM3105S1,CMFA21,15,NULL,2,NULL
CM3105S2,CMFA05,15,NULL,2,NULL
CM3105S3,CMFA23,15,NULL,2,NULL
CM3106S1,CMFA18,15,NULL,2,NULL
CM3106S2,CMFA26,15,NULL,2,NULL
CM3106S3,CMFA15,15,NULL,2,NULL
CM3107S1,CMFA04,15,NULL,2,NULL
CM3107S2,CMFA39,15,NULL,2,NULL
CM3107S3,CMFA10,15,NULL,2,NULL
CM3108S1,CMFA26,15,NULL,2,NULL
CM3108S2,CMFA04,15,NULL,2,NULL
CM3109S1,CMFA05,15,NULL,2,NULL
CM3109S2,CMFA32,15,NULL,2,NULL
CM3110S1,CMFA28,15,NULL,2,NULL
CM3110S2,CMFA16,15,NULL,2,NULL
CM4101S1,CMFA10,15,NULL,2,NULL
CM4101S2,CMFA03,15,NULL,2,NULL
CM4101S3,CMFA20,15,NULL,2,NULL
CM4102S1,CMFA10,15,NULL,2,NULL
CM4102S2,CMFA38,15,NULL,2,NULL
CM4102S3,CMFA09,15,NULL,2,NULL
CM4103S1,CMFA22,15,NULL,2,NULL
CM4103S2,CMFA19,15,NULL,2,NULL
CM4103S3,CMFA13,15,NULL,2,NULL
CM4104S1,CMFA20,15,NULL,2,NULL
CM4104S2,CMFA38,15,NULL,2,NULL
CM4104S3,CMFA34,15,NULL,2,NULL
CM4105S1,CMFA25,15,NULL,2,NULL
CM4105S2,CMFA27,15,NULL,2,NULL
CM4105S3,CMFA01,15,NULL,2,NULL
CM4106S1,CMFA03,15,NULL,2,NULL
CM4106S2,CMFA01,15,NULL,2,NULL
CM4106S3,CMFA32,15,NULL,2,NULL
CM4107S1,CMFA20,15,NULL,2,NULL
CM4107S2,CMFA33,15,NULL,2,NULL
CM4107S3,CMFA12,15,NULL,2,NULL
CM4108S1,CMFA40,15,NULL,2,NULL
CM4108S2,CMFA36,15,NULL,2,NULL
CM4109S1,CMFA28,15,NULL,2,NULL
CM4109S2,CMFA13,15,NULL,2,NULL
CM4110S1,CMFA02,15,NULL,2,NULL
CM4110S2,CMFA29,15,NULL,2,NULL
CM5101S1,CMFA07,15,NULL,2,NULL
CM5101S2,CMFA35,15,NULL,2,NULL
CM5101S3,CMFA09,15,NULL,2,NULL
CM5102S1,CMFA09,15,NULL,2,NULL
CM5102S2,CMFA01,15,NULL,2,NULL
CM5102S3,CMFA29,15,NULL,2,NULL
CM5103S1,CMFA37,15,NULL,2,NULL
CM5103S2,CMFA08,15,NULL,2,NULL
CM5103S3,CMFA34,15,NULL,2,NULL
CM5104S1,CMFA23,15,NULL,2,NULL
CM5104S2,CMFA04,15,NULL,2,NULL
CM5104S3,CMFA34,15,NULL,2,NULL
CM5105S1,CMFA31,15,NULL,2,NULL
CM5105S2,CMFA23,15,NULL,2,NULL
CM5105S3,CMFA10,15,NULL,2,NULL
CM5106S1,CMFA17,15,NULL,2,NULL
CM5106S2,CMFA07,15,NULL,2,NULL
CM5106S3,CMFA24,15,NULL,2,NULL
CM5107S1,CMFA23,15,NULL,2,NULL
CM5107S2,CMFA04,15,NULL,2,NULL
CM5107S3,CMFA32,15,NULL,2,NULL
CM5108S1,CMFA16,15,NULL,2,NULL
CM5108S2,CMFA31,15,NULL,2,NULL
CM5109S1,CMFA10,15,NULL,2,NULL
CM5109S2,CMFA05,15,NULL,2,NULL
CM5110S1,CMFA03,15,NULL,2,NULL
CM5110S2,CMFA27,15,NULL,2,NULL
CM6101S1,CMFA22,15,NULL,2,NULL
CM6101S2,CMFA29,15,NULL,2,NULL
CM6101S3,CMFA15,15,NULL,2,NULL
CM6102S1,CMFA21,15,NULL,2,NULL
CM6102S2,CMFA19,15,NULL,2,NULL
CM6102S3,CMFA03,15,NULL,2,NULL
CM6103S1,CMFA22,15,NULL,2,NULL
CM6103S2,CMFA05,15,NULL,2,NULL
CM6103S3,CMFA12,15,NULL,2,NULL
CM6104S1,CMFA14,15,NULL,2,NULL
CM6104S2,CMFA37,15,NULL,2,NULL
CM6104S3,CMFA33,15,NULL,2,NULL
CM6105S1,CMFA17,15,NULL,2,NULL
CM6105S2,CMFA01,15,NULL,2,NULL
CM6105S3,CMFA18,15,NULL,2,NULL
CM6106S1,CMFA38,15,NULL,2,NULL
CM6106S2,CMFA30,15,NULL,2,NULL
CM6106S3,CMFA30,15,NULL,2,NULL
CM6107S1,CMFA18,15,NULL,2,NULL
CM6107S2,CMFA05,15,NULL,2,NULL
CM6107S3,CMFA32,15,NULL,2,NULL
CM6108S1,CMFA36,15,NULL,2,NULL
CM6108S2,CMFA23,15,NULL,2,NULL
CM6109S1,CMFA16,15,NULL,2,NULL
CM6109S2,CMFA08,15,NULL,2,NULL
CM6110S1,CMFA07,15,NULL,2,NULL
CM6110S2,CMFA35,15,NULL,2,NULL
CM7101S1,CMFA14,15,NULL,2,NULL
CM7101S2,CMFA33,15,NULL,2,NULL
CM7101S3,CMFA27,15,NULL,2,NULL
CM7102S1,CMFA22,15,NULL,2,NULL
CM7102S2,CMFA20,15,NULL,2,NULL
CM7102S3,CMFA13,15,NULL,2,NULL
CM7103S1,CMFA31,15,NULL,2,NULL
CM7103S2,CMFA34,15,NULL,2,NULL
CM7103S3,CMFA02,15,NULL,2,NULL
CM7104S1,CMFA04,15,NULL,2,NULL
CM7104S2,CMFA40,15,NULL,2,NULL
CM7104S3,CMFA09,15,NULL,2,NULL
CM7105S1,CMFA33,15,NULL,2,NULL
CM7105S2,CMFA19,15,NULL,2,NULL
CM7105S3,CMFA07,15,NULL,2,NULL
CM7106S1,CMFA06,15,NULL,2,NULL
CM7106S2,CMFA19,15,NULL,2,NULL
CM7106S3,CMFA33,15,NULL,2,NULL
CM7107S1,CMFA17,15,NULL,2,NULL
CM7107S2,CMFA31,15,NULL,2,NULL
CM7107S3,CMFA02,15,NULL,2,NULL
CM7108S1,CMFA24,15,NULL,2,NULL
CM7108S2,CMFA06,15,NULL,2,NULL
CM7109S1,CMFA09,15,NULL,2,NULL
CM7109S2,CMFA19,15,NULL,2,NULL
CM7110S1,CMFA30,15,NULL,2,NULL
CM7110S2,CMFA02,15,NULL,2,NULL
CM8101S1,CMFA28,15,NULL,2,NULL
CM8101S2,CMFA25,15,NULL,2,NULL
CM8101S3,CMFA28,15,NULL,2,NULL
CM8102S1,CMFA32,15,NULL,2,NULL
CM8102S2,CMFA37,15,NULL,2,NULL
CM8102S3,CMFA36,15,NULL,2,NULL
CM8103S1,CMFA37,15,NULL,2,NULL
CM8103S2,CMFA13,15,NULL,2,NULL
CM8103S3,CMFA18,15,NULL,2,NULL
CM8104S1,CMFA11,15,NULL,2,NULL
CM8104S2,CMFA39,15,NULL,2,NULL
CM8104S3,CMFA17,15,NULL,2,NULL
CM8105S1,CMFA14,15,NULL,2,NULL
CM8105S2,CMFA08,15,NULL,2,NULL
CM8105S3,CMFA24,15,NULL,2,NULL
CM8106S1,CMFA15,15,NULL,2,NULL
CM8106S2,CMFA35,15,NULL,2,NULL
CM8106S3,CMFA26,15,NULL,2,NULL
CM8107S1,CMFA39,15,NULL,2,NULL
CM8107S2,CMFA31,15,NULL,2,NULL
CM8107S3,CMFA11,15,NULL,2,NULL
CM8108S1,CMFA25,15,NULL,2,NULL
CM8108S2,CMFA22,15,NULL,2,NULL
CM8109S1,CMFA27,15,NULL,2,NULL
CM8109S2,CMFA23,15,NULL,2,NULL
CM8110S1,CMFA37,15,NULL,2,NULL
CM8110S2,CMFA16,15,NULL,2,NULL
